Fraction 1,,Fraction 2,,Fraction 3,,Fraction 4,,Fraction 5,,Fraction 6,,Fraction 7,,Fraction 8,,Fraction 9,
Wavelength (nm),Ext,Wavelength (nm),Ext,Wavelength (nm),Ext,Wavelength (nm),Ext,Wavelength (nm),Ext,Wavelength (nm),Ext,Wavelength (nm),Ext,Wavelength (nm),Ext,Wavelength (nm),Ext
1000,-0.02823,1000,-0.04191,1000,-0.06922,1000,-0.09472,1000,-0.12666,1000,-0.25143,1000,-0.47176,1000,-0.5639,1000,0.27981
999,-0.02872,999,-0.04248,999,-0.07014,999,-0.09604,999,-0.12842,999,-0.25517,999,-0.47881,999,-0.57259,999,0.28061
998,-0.02919,998,-0.04296,998,-0.07117,998,-0.09725,998,-0.13025,998,-0.25831,998,-0.48571,998,-0.58018,998,0.28152
997,-0.02938,997,-0.04345,997,-0.07187,997,-0.09833,997,-0.13139,997,-0.26156,997,-0.49182,997,-0.5879,997,0.28236
996,-0.02963,996,-0.04388,996,-0.07253,996,-0.09931,996,-0.13263,996,-0.26421,996,-0.49737,996,-0.59472,996,0.28338
995,-0.02988,995,-0.04427,995,-0.07327,995,-0.10032,995,-0.13407,995,-0.2672,995,-0.50372,995,-0.60185,995,0.28436
994,-0.03005,994,-0.04464,994,-0.07394,994,-0.10113,994,-0.13522,994,-0.26998,994,-0.50917,994,-0.60823,994,0.28539
993,-0.03046,993,-0.0451,993,-0.0746,993,-0.102,993,-0.13663,993,-0.27286,993,-0.51479,993,-0.61508,993,0.28629
992,-0.03057,992,-0.04535,992,-0.07516,992,-0.10282,992,-0.13785,992,-0.27544,992,-0.52025,992,-0.62158,992,0.28741
991,-0.03082,991,-0.04557,991,-0.07586,991,-0.10378,991,-0.13887,991,-0.27784,991,-0.52542,991,-0.6279,991,0.28842
990,-0.03087,990,-0.04578,990,-0.0762,990,-0.10434,990,-0.13963,990,-0.27981,990,-0.52931,990,-0.63238,990,0.28957
989,-0.03124,989,-0.04622,989,-0.0768,989,-0.10524,989,-0.14106,989,-0.28236,989,-0.5347,989,-0.63912,989,0.29061
988,-0.03121,988,-0.04624,988,-0.07723,988,-0.10568,988,-0.14154,988,-0.28416,988,-0.53858,988,-0.6438,988,0.29173
987,-0.03159,987,-0.0465,987,-0.07777,987,-0.10643,987,-0.14231,987,-0.28618,987,-0.54316,987,-0.6493,987,0.29279
986,-0.03156,986,-0.04665,986,-0.07815,986,-0.10697,986,-0.14307,986,-0.2875,986,-0.54677,986,-0.65357,986,0.29407
985,-0.03178,985,-0.04705,985,-0.07855,985,-0.10746,985,-0.1443,985,-0.28945,985,-0.55028,985,-0.65824,985,0.2951
984,-0.03164,984,-0.04704,984,-0.07873,984,-0.10774,984,-0.14467,984,-0.29089,984,-0.55321,984,-0.66172,984,0.29637
983,-0.03169,983,-0.04727,983,-0.07895,983,-0.10813,983,-0.14501,983,-0.2923,983,-0.55647,983,-0.66577,983,0.29757
982,-0.03181,982,-0.0474,982,-0.07929,982,-0.10847,982,-0.14543,982,-0.29309,982,-0.55898,982,-0.66842,982,0.2987
981,-0.03213,981,-0.04766,981,-0.07957,981,-0.10892,981,-0.14592,981,-0.29453,981,-0.56186,981,-0.6721,981,0.29992
980,-0.03163,980,-0.04728,980,-0.07926,980,-0.10867,980,-0.1457,980,-0.29434,980,-0.56236,980,-0.67288,980,0.30151
979,-0.03161,979,-0.04718,979,-0.07925,979,-0.10872,979,-0.14563,979,-0.29477,979,-0.56382,979,-0.67467,979,0.30289
978,-0.03157,978,-0.04708,978,-0.07919,978,-0.10851,978,-0.14563,978,-0.29491,978,-0.56463,978,-0.6762,978,0.30428
977,-0.03134,977,-0.0469,977,-0.07903,977,-0.10825,977,-0.1453,977,-0.29465,977,-0.56523,977,-0.67623,977,0.30573
976,-0.03115,976,-0.04676,976,-0.07878,976,-0.10791,976,-0.14486,976,-0.2941,976,-0.56499,976,-0.67599,976,0.30727
975,-0.03097,975,-0.04674,975,-0.07868,975,-0.10769,975,-0.14468,975,-0.29392,975,-0.56477,975,-0.67666,975,0.3086
974,-0.0306,974,-0.04619,974,-0.07817,974,-0.10694,974,-0.14349,974,-0.29243,974,-0.56334,974,-0.67475,974,0.31024
973,-0.0303,973,-0.04592,973,-0.07766,973,-0.10649,973,-0.14272,973,-0.29146,973,-0.56185,973,-0.67317,973,0.31187
972,-0.02988,972,-0.04534,972,-0.07706,972,-0.10571,972,-0.14166,972,-0.28978,972,-0.55978,972,-0.67055,972,0.31348
971,-0.02972,971,-0.04501,971,-0.07662,971,-0.10505,971,-0.14089,971,-0.28826,971,-0.55782,971,-0.66842,971,0.31508
970,-0.02933,970,-0.04462,970,-0.07595,970,-0.10437,970,-0.13957,970,-0.28634,970,-0.55494,970,-0.66597,970,0.31688
969,-0.02883,969,-0.04415,969,-0.07513,969,-0.10318,969,-0.1384,969,-0.28422,969,-0.55191,969,-0.66278,969,0.31859
968,-0.02827,968,-0.04329,968,-0.07427,968,-0.10215,968,-0.1368,968,-0.28156,968,-0.54848,968,-0.65861,968,0.32034
967,-0.0279,967,-0.04283,967,-0.07345,967,-0.10102,967,-0.13543,967,-0.27935,967,-0.54502,967,-0.65461,967,0.3221
966,-0.02732,966,-0.04204,966,-0.07256,966,-0.0998,966,-0.13357,966,-0.2765,966,-0.54092,966,-0.64972,966,0.32393
965,-0.02681,965,-0.04157,965,-0.07159,965,-0.0986,965,-0.13196,965,-0.2736,965,-0.53648,965,-0.64468,965,0.32586
964,-0.02641,964,-0.04088,964,-0.07056,964,-0.09721,964,-0.13032,964,-0.27042,964,-0.53164,964,-0.63903,964,0.32756
963,-0.02581,963,-0.03989,963,-0.06945,963,-0.09575,963,-0.12818,963,-0.26669,963,-0.52595,963,-0.63238,963,0.32945
962,-0.02518,962,-0.03918,962,-0.06813,962,-0.09392,962,-0.12573,962,-0.26257,962,-0.519,962,-0.62434,962,0.3314
961,-0.02454,961,-0.03835,961,-0.06674,961,-0.09209,961,-0.12292,961,-0.25786,961,-0.5113,961,-0.61521,961,0.33334
960,-0.02359,960,-0.03706,960,-0.06488,960,-0.08965,960,-0.11971,960,-0.25195,960,-0.50073,960,-0.60298,960,0.33564
959,-0.02291,959,-0.03613,959,-0.0631,959,-0.08719,959,-0.11659,959,-0.24544,959,-0.48931,959,-0.58969,959,0.33776
958,-0.02196,958,-0.03467,958,-0.06092,958,-0.08424,958,-0.1124,958,-0.23746,958,-0.47537,958,-0.57337,958,0.33996
957,-0.02086,957,-0.03324,957,-0.05848,957,-0.08094,957,-0.10764,957,-0.22836,957,-0.45801,957,-0.55286,957,0.34229
956,-0.0198,956,-0.03179,956,-0.05574,956,-0.07725,956,-0.10274,956,-0.21798,956,-0.43856,956,-0.53009,956,0.34469
955,-0.01902,955,-0.03038,955,-0.05332,955,-0.07375,955,-0.09792,955,-0.20732,955,-0.41833,955,-0.50603,955,0.34717
954,-0.01772,954,-0.02874,954,-0.05023,954,-0.06964,954,-0.09232,954,-0.19533,954,-0.39432,954,-0.47692,954,0.3498
953,-0.01691,953,-0.02741,953,-0.04772,953,-0.06602,953,-0.08722,953,-0.18402,953,-0.37074,953,-0.44881,953,0.35202
952,-0.01589,952,-0.02594,952,-0.04514,952,-0.06247,952,-0.08193,952,-0.17266,952,-0.34663,952,-0.41994,952,0.35436
951,-0.01509,951,-0.02473,951,-0.04262,951,-0.05899,951,-0.07723,951,-0.16117,951,-0.32172,951,-0.39042,951,0.35672
950,-0.01447,950,-0.02372,950,-0.04051,950,-0.056,950,-0.07284,950,-0.15126,950,-0.29965,950,-0.36451,950,0.35885
949,-0.01368,949,-0.02259,949,-0.03835,949,-0.05304,949,-0.06865,949,-0.14158,949,-0.27922,949,-0.33919,949,0.36097
948,-0.01288,948,-0.02157,948,-0.03635,948,-0.05014,948,-0.06506,948,-0.13244,948,-0.25929,948,-0.31524,948,0.36321
947,-0.01233,947,-0.02057,947,-0.03466,947,-0.04768,947,-0.06141,947,-0.12435,947,-0.24227,947,-0.29497,947,0.36526
946,-0.01151,946,-0.01944,946,-0.03267,946,-0.04501,946,-0.05747,946,-0.11597,946,-0.22549,946,-0.27487,946,0.36747
945,-0.01072,945,-0.01828,945,-0.03069,945,-0.04222,945,-0.05364,945,-0.10803,945,-0.20936,945,-0.25598,945,0.36978
944,-0.00994,944,-0.01719,944,-0.02892,944,-0.03973,944,-0.05016,944,-0.10086,944,-0.19493,944,-0.23881,944,0.37202
943,-0.00929,943,-0.0163,943,-0.02708,943,-0.03733,943,-0.04684,943,-0.09391,943,-0.1816,943,-0.22301,943,0.37418
942,-0.00859,942,-0.01519,942,-0.02529,942,-0.03479,942,-0.04357,942,-0.08696,942,-0.16848,942,-0.20817,942,0.3765
941,-0.00769,941,-0.01392,941,-0.02342,941,-0.03233,941,-0.03995,941,-0.08018,941,-0.15623,941,-0.19328,941,0.37877
940,-0.00672,940,-0.01287,940,-0.02155,940,-0.02983,940,-0.03649,940,-0.07364,940,-0.14395,940,-0.17867,940,0.38103
939,-0.00581,939,-0.01164,939,-0.01972,939,-0.02745,939,-0.03323,939,-0.06714,939,-0.13204,939,-0.16497,939,0.38335
938,-0.00506,938,-0.01056,938,-0.01813,938,-0.02532,938,-0.03026,938,-0.06094,938,-0.12129,938,-0.15174,938,0.38561
937,-0.00453,937,-0.00982,937,-0.01659,937,-0.0232,937,-0.02727,937,-0.05544,937,-0.11077,937,-0.13964,937,0.38783
936,-0.00385,936,-0.00869,936,-0.01496,936,-0.02109,936,-0.02438,936,-0.04991,936,-0.10069,936,-0.12793,936,0.38996
935,-0.00345,935,-0.00813,935,-0.01371,935,-0.01942,935,-0.02199,935,-0.0449,935,-0.0921,935,-0.1171,935,0.39196
934,-0.00232,934,-0.00674,934,-0.01189,934,-0.0169,934,-0.0185,934,-0.03861,934,-0.08084,934,-0.10455,934,0.39441
933,-0.00184,933,-0.00612,933,-0.01069,933,-0.01524,933,-0.01637,933,-0.03392,933,-0.07261,933,-0.09457,933,0.39641
932,-0.00134,932,-0.00536,932,-0.00936,932,-0.01327,932,-0.01372,932,-0.02883,932,-0.06371,932,-0.08371,932,0.39863
931,-0.00106,931,-0.00468,931,-0.00815,931,-0.0117,931,-0.01144,931,-0.02431,931,-0.05537,931,-0.07472,931,0.40073
930,-2.34E-04,930,-0.00382,930,-0.00686,930,-0.01005,930,-0.00929,930,-0.01997,930,-0.04695,930,-0.06488,930,0.40287
929,1.11E-04,929,-0.00342,929,-0.00602,929,-0.00894,929,-0.00739,929,-0.01647,929,-0.04003,929,-0.05696,929,0.4047
928,5.86E-04,928,-0.00256,928,-0.00491,928,-0.00729,928,-0.00545,928,-0.01226,928,-0.03273,928,-0.04913,928,0.40683
927,9.74E-04,927,-0.00209,927,-0.00394,927,-0.00606,927,-0.00357,927,-0.0087,927,-0.02609,927,-0.04086,927,0.40884
926,0.00163,926,-0.00139,926,-0.00288,926,-0.00459,926,-0.00162,926,-0.00496,926,-0.0187,926,-0.03193,926,0.41103
925,0.00182,925,-7.78E-04,925,-0.00196,925,-0.00332,925,1.27E-04,925,-0.00164,925,-0.01267,925,-0.02434,925,0.41301
924,0.00222,924,-3.09E-04,924,-0.00126,924,-0.00222,924,0.00153,924,0.0012,924,-0.00725,924,-0.01804,924,0.41491
923,0.00253,923,1.69E-04,923,-4.34E-04,923,-0.00118,923,0.00306,923,0.00421,923,-0.002,923,-0.01153,923,0.41698
922,0.00297,922,4.22E-04,922,2.02E-04,922,-3.15E-04,922,0.00435,922,0.00696,922,0.00281,922,-0.00546,922,0.41886
921,0.00331,921,9.73E-04,921,9.01E-04,921,5.92E-04,921,0.00566,921,0.00933,921,0.00774,921,1.17E-04,921,0.42074
920,0.00362,920,0.00123,920,0.00147,920,0.00142,920,0.00662,920,0.01153,920,0.01189,920,0.0041,920,0.42264
919,0.00376,919,0.00153,919,0.00196,919,0.0021,919,0.00767,919,0.01358,919,0.0156,919,0.00829,919,0.42445
918,0.004,918,0.00183,918,0.00237,918,0.00264,918,0.00864,918,0.01544,918,0.01892,918,0.01253,918,0.42631
917,0.00416,917,0.00203,917,0.0028,917,0.00323,917,0.00946,917,0.01725,917,0.02203,917,0.01657,917,0.42836
916,0.00434,916,0.00251,916,0.00329,916,0.0039,916,0.01026,916,0.01895,916,0.02516,916,0.02056,916,0.43035
915,0.00448,915,0.00272,915,0.00366,915,0.00439,915,0.01115,915,0.02069,915,0.02827,915,0.02358,915,0.4322
914,0.00465,914,0.00271,914,0.00403,914,0.00493,914,0.01206,914,0.02222,914,0.03127,914,0.02713,914,0.43404
913,0.0047,913,0.00287,913,0.00434,913,0.00547,913,0.01242,913,0.02336,913,0.03375,913,0.03018,913,0.43594
912,0.0048,912,0.00317,912,0.00477,912,0.00597,912,0.01321,912,0.02483,912,0.03635,912,0.0328,912,0.43785
911,0.00507,911,0.00333,911,0.00506,911,0.00639,911,0.01379,911,0.02586,911,0.03841,911,0.0352,911,0.43975
910,0.00537,910,0.00372,910,0.00549,910,0.00696,910,0.01465,910,0.0273,910,0.04094,910,0.03852,910,0.44174
909,0.00543,909,0.00374,909,0.00582,909,0.0074,909,0.01525,909,0.02869,909,0.04326,909,0.04071,909,0.44365
908,0.00544,908,0.00386,908,0.00608,908,0.00776,908,0.01581,908,0.02964,908,0.04526,908,0.04281,908,0.44552
907,0.00558,907,0.00397,907,0.00634,907,0.00799,907,0.0163,907,0.03076,907,0.04698,907,0.0452,907,0.44746
906,0.00573,906,0.00428,906,0.00655,906,0.00835,906,0.01682,906,0.03187,906,0.04844,906,0.04709,906,0.44938
905,0.00586,905,0.00435,905,0.00676,905,0.00878,905,0.01741,905,0.03268,905,0.05017,905,0.04886,905,0.45126
904,0.006,904,0.0045,904,0.00707,904,0.00933,904,0.01796,904,0.03387,904,0.05221,904,0.0517,904,0.45333
903,0.00619,903,0.00476,903,0.00747,903,0.00965,903,0.01849,903,0.03514,903,0.05399,903,0.05314,903,0.45525
902,0.00642,902,0.00504,902,0.00778,902,0.01008,902,0.01918,902,0.03604,902,0.056,902,0.0552,902,0.4572
901,0.00641,901,0.00512,901,0.00798,901,0.01045,901,0.01966,901,0.03682,901,0.0576,901,0.05784,901,0.45918
900,0.00649,900,0.00526,900,0.00824,900,0.01071,900,0.02022,900,0.03783,900,0.05909,900,0.05956,900,0.46108
899,0.00656,899,0.00541,899,0.00844,899,0.01101,899,0.02068,899,0.039,899,0.06067,899,0.0613,899,0.46303
898,0.00676,898,0.00553,898,0.0087,898,0.0115,898,0.02128,898,0.04012,898,0.06237,898,0.06304,898,0.46503
897,0.00703,897,0.00585,897,0.00905,897,0.01202,897,0.02195,897,0.04124,897,0.06448,897,0.06555,897,0.46709
896,0.00706,896,0.00602,896,0.00926,896,0.01228,896,0.02226,896,0.04183,896,0.06588,896,0.06716,896,0.46904
895,0.00746,895,0.00641,895,0.00973,895,0.01297,895,0.02326,895,0.04344,895,0.06842,895,0.06988,895,0.47124
894,0.00735,894,0.00633,894,0.00992,894,0.01308,894,0.0236,894,0.04434,894,0.06951,894,0.07153,894,0.47321
893,0.00751,893,0.00649,893,0.01019,893,0.01343,893,0.02418,893,0.04553,893,0.07152,893,0.07333,893,0.47525
892,0.00766,892,0.00657,892,0.01047,892,0.01384,892,0.02462,892,0.04646,892,0.07328,892,0.07514,892,0.47723
891,0.00745,891,0.00643,891,0.01051,891,0.01392,891,0.02479,891,0.0468,891,0.07454,891,0.07665,891,0.47916
890,0.0078,890,0.00676,890,0.01087,890,0.01446,890,0.02546,890,0.04825,890,0.07675,890,0.07904,890,0.48129
889,0.00764,889,0.00677,889,0.01095,889,0.0146,889,0.02576,889,0.04893,889,0.0781,889,0.08078,889,0.48322
888,0.00782,888,0.00704,888,0.01134,888,0.01512,888,0.0265,888,0.05039,888,0.08015,888,0.08285,888,0.48544
887,0.00781,887,0.00693,887,0.01144,887,0.01523,887,0.02695,887,0.05097,887,0.08132,887,0.08466,887,0.48731
886,0.00791,886,0.00681,886,0.01157,886,0.01558,886,0.02723,886,0.05179,886,0.08287,886,0.08691,886,0.48936
885,0.00803,885,0.00705,885,0.0119,885,0.01599,885,0.02784,885,0.05281,885,0.08475,885,0.08933,885,0.49156
884,0.00817,884,0.00737,884,0.01212,884,0.0163,884,0.02836,884,0.05363,884,0.08692,884,0.09122,884,0.49362
883,0.0082,883,0.00732,883,0.01224,883,0.0165,883,0.02863,883,0.05469,883,0.08822,883,0.09283,883,0.49568
882,0.00826,882,0.00734,882,0.01245,882,0.01679,882,0.02907,882,0.05584,882,0.09032,882,0.09502,882,0.49778
881,0.00846,881,0.00762,881,0.01279,881,0.01726,881,0.02979,881,0.05715,881,0.09249,881,0.09778,881,0.49989
880,0.00841,880,0.00766,880,0.01284,880,0.01737,880,0.02994,880,0.0577,880,0.09367,880,0.09913,880,0.50196
879,0.00852,879,0.00776,879,0.0131,879,0.01771,879,0.03032,879,0.05864,879,0.09593,879,0.10141,879,0.50417
878,0.00845,878,0.00773,878,0.01323,878,0.01791,878,0.03094,878,0.05955,878,0.09745,878,0.10304,878,0.50621
877,0.00882,877,0.00804,877,0.01347,877,0.01839,877,0.03151,877,0.06084,877,0.09964,877,0.10571,877,0.50847
876,0.00878,876,0.0082,876,0.01373,876,0.01862,876,0.03173,876,0.06175,876,0.10121,876,0.10807,876,0.51054
875,0.0087,875,0.00807,875,0.0138,875,0.0187,875,0.03207,875,0.06234,875,0.10242,875,0.10953,875,0.5126
874,0.0091,874,0.00849,874,0.0142,874,0.01929,874,0.03299,874,0.06377,874,0.10503,874,0.11226,874,0.51493
873,0.0094,873,0.00878,873,0.0145,873,0.01977,873,0.03364,873,0.06486,873,0.10723,873,0.11473,873,0.51718
872,0.00911,872,0.00874,872,0.01452,872,0.0199,872,0.0338,872,0.06539,872,0.10859,872,0.11595,872,0.51934
871,0.00899,871,0.00868,871,0.01474,871,0.02019,871,0.03415,871,0.06624,871,0.11013,871,0.11786,871,0.52149
870,0.00923,870,0.00872,870,0.01488,870,0.02045,870,0.03446,870,0.06709,870,0.11179,870,0.11975,870,0.52364
869,0.00938,869,0.0088,869,0.015,869,0.0207,869,0.03493,869,0.06801,869,0.11338,869,0.12174,869,0.52591
868,0.00932,868,0.00879,868,0.01519,868,0.02084,868,0.03515,868,0.06867,868,0.11453,868,0.12312,868,0.5281
867,0.0097,867,0.00899,867,0.01554,867,0.02129,867,0.03595,867,0.07019,867,0.11653,867,0.1257,867,0.53044
866,0.00966,866,0.00912,866,0.01564,866,0.02139,866,0.03628,866,0.07112,866,0.11805,866,0.12736,866,0.53269
865,0.01013,865,0.00921,865,0.01585,865,0.02181,865,0.03667,865,0.07174,865,0.11983,865,0.1294,865,0.53493
864,0.01002,864,0.0094,864,0.01612,864,0.02223,864,0.03736,864,0.07269,864,0.1216,864,0.13168,864,0.53724
863,0.00976,863,0.00957,863,0.01627,863,0.02244,863,0.03775,863,0.07331,863,0.12321,863,0.13331,863,0.53946
862,0.00963,862,0.0096,862,0.01645,862,0.0227,862,0.0381,862,0.07434,862,0.12441,862,0.13511,862,0.54178
861,0.01038,861,0.00976,861,0.01661,861,0.02301,861,0.03865,861,0.0755,861,0.12623,861,0.1367,861,0.54415
860,0.01012,860,0.00972,860,0.01677,860,0.02319,860,0.03894,860,0.07601,860,0.12748,860,0.13796,860,0.54635
859,0.01015,859,0.00984,859,0.01701,859,0.02351,859,0.03927,859,0.07703,859,0.12935,859,0.13967,859,0.54876
858,0.01022,858,0.01009,858,0.01715,858,0.02377,858,0.03984,858,0.07785,858,0.13124,858,0.14188,858,0.55114
857,0.01027,857,0.01008,857,0.01739,857,0.02411,857,0.0402,857,0.07897,857,0.13262,857,0.14376,857,0.5533
856,0.0103,856,0.01008,856,0.01755,856,0.0244,856,0.04073,856,0.07976,856,0.1344,856,0.14543,856,0.55565
855,0.01046,855,0.01025,855,0.01775,855,0.02465,855,0.04121,855,0.08059,855,0.136,855,0.14719,855,0.55806
854,0.01055,854,0.01017,854,0.01792,854,0.02489,854,0.04157,854,0.08154,854,0.13741,854,0.1493,854,0.56037
853,0.01069,853,0.01031,853,0.01819,853,0.02529,853,0.04202,853,0.08276,853,0.13929,853,0.15121,853,0.56289
852,0.01059,852,0.01018,852,0.01828,852,0.02547,852,0.0424,852,0.08352,852,0.14049,852,0.1533,852,0.56518
851,0.01049,851,0.01043,851,0.01846,851,0.02566,851,0.04287,851,0.08431,851,0.14192,851,0.15492,851,0.56745
850,0.01074,850,0.01069,850,0.01885,850,0.0262,850,0.0434,850,0.08573,850,0.14433,850,0.15743,850,0.57014
849,0.01105,849,0.01092,849,0.01904,849,0.02663,849,0.04412,849,0.08639,849,0.14643,849,0.15961,849,0.57252
848,0.01101,848,0.01084,848,0.01914,848,0.02674,848,0.04438,848,0.08728,848,0.14778,848,0.16118,848,0.57484
847,0.01129,847,0.0109,847,0.01933,847,0.02702,847,0.04482,847,0.0884,847,0.1498,847,0.16332,847,0.57734
846,0.01129,846,0.0109,846,0.01946,846,0.02721,846,0.04528,846,0.08931,846,0.15182,846,0.16529,846,0.57969
845,0.01121,845,0.01112,845,0.01955,845,0.02742,845,0.04552,845,0.08991,845,0.15363,845,0.167,845,0.58199
844,0.01112,844,0.01105,844,0.01964,844,0.02756,844,0.04574,844,0.09086,844,0.1549,844,0.16913,844,0.58448
843,0.01099,843,0.01092,843,0.01967,843,0.02767,843,0.046,843,0.0917,843,0.15664,843,0.17141,843,0.58685
842,0.01098,842,0.01089,842,0.01971,842,0.02777,842,0.04637,842,0.09227,842,0.15834,842,0.17326,842,0.58927
841,0.01104,841,0.01092,841,0.01985,841,0.02795,841,0.04651,841,0.09285,841,0.15996,841,0.1752,841,0.59173
840,0.01127,840,0.01101,840,0.01995,840,0.02811,840,0.04698,840,0.0937,840,0.16185,840,0.17699,840,0.59416
839,0.01101,839,0.01091,839,0.01997,839,0.02826,839,0.0472,839,0.09436,839,0.16321,839,0.17908,839,0.59661
838,0.0105,838,0.01083,838,0.02009,838,0.02845,838,0.04752,838,0.09521,838,0.16501,838,0.18097,838,0.59906
837,0.0107,837,0.01096,837,0.02045,837,0.02892,837,0.04827,837,0.09663,837,0.16714,837,0.18324,837,0.6016
836,0.0109,836,0.01108,836,0.02063,836,0.0291,836,0.04872,836,0.09745,836,0.16896,836,0.18504,836,0.60412
835,0.01124,835,0.01101,835,0.02081,835,0.02954,835,0.04934,835,0.09857,835,0.17072,835,0.18768,835,0.60663
834,0.01159,834,0.0116,834,0.0213,834,0.03012,834,0.05021,834,0.10019,834,0.17389,834,0.19055,834,0.60937
833,0.01146,833,0.01191,833,0.02172,833,0.03074,833,0.05103,833,0.10218,833,0.17699,833,0.19449,833,0.61217
832,0.01187,832,0.01199,832,0.02207,832,0.03122,832,0.05183,832,0.10375,832,0.17958,832,0.19752,832,0.61464
831,0.01209,831,0.01217,831,0.02249,831,0.0318,831,0.05254,831,0.10526,831,0.18257,831,0.20107,831,0.61736
830,0.01208,830,0.01239,830,0.02291,830,0.03245,830,0.0535,830,0.10699,830,0.18547,830,0.20481,830,0.62009
829,0.01214,829,0.01258,829,0.02333,829,0.03307,829,0.05461,829,0.10894,829,0.18858,829,0.2085,829,0.62279
828,0.01262,828,0.0131,828,0.02398,828,0.03403,828,0.0559,828,0.11127,828,0.19251,828,0.21256,828,0.62571
827,0.01269,827,0.01346,827,0.02442,827,0.03466,827,0.05709,827,0.11313,827,0.19603,827,0.21613,827,0.62846
826,0.01287,826,0.01354,826,0.02487,826,0.03527,826,0.05788,826,0.11499,826,0.19896,826,0.21985,826,0.63114
825,0.01316,825,0.01383,825,0.02538,825,0.03579,825,0.05863,825,0.11685,825,0.20225,825,0.22403,825,0.63406
824,0.01319,824,0.0141,824,0.02576,824,0.03643,824,0.05947,824,0.11852,824,0.20508,824,0.22652,824,0.63676
823,0.01344,823,0.01435,823,0.02612,823,0.03702,823,0.06029,823,0.12026,823,0.20757,823,0.22973,823,0.63954
822,0.01357,822,0.01455,822,0.02653,822,0.03761,822,0.06138,822,0.12183,822,0.21043,822,0.23256,822,0.64239
821,0.01351,821,0.01451,821,0.02676,821,0.03811,821,0.06189,821,0.12325,821,0.21253,821,0.23532,821,0.64511
820,0.01317,820,0.01478,820,0.02698,820,0.03851,820,0.06246,820,0.12425,820,0.21477,820,0.23794,820,0.64794
819,0.01362,819,0.01474,819,0.02729,819,0.03889,819,0.06304,819,0.12528,819,0.21709,819,0.24016,819,0.65071
818,0.01349,818,0.01465,818,0.02742,818,0.03909,818,0.0636,818,0.12659,818,0.21849,818,0.24247,818,0.65333
817,0.01398,817,0.01499,817,0.02793,817,0.03974,817,0.06443,817,0.12791,817,0.22126,817,0.24557,817,0.65633
816,0.01399,816,0.01505,816,0.0281,816,0.04,816,0.06499,816,0.12899,816,0.22343,816,0.24743,816,0.65916
815,0.01468,815,0.01526,815,0.02841,815,0.04039,815,0.06565,815,0.13055,815,0.22583,815,0.25072,815,0.66202
814,0.01442,814,0.01543,814,0.02868,814,0.04076,814,0.06627,814,0.13198,814,0.22751,814,0.25306,814,0.66486
813,0.01421,813,0.01547,813,0.02888,813,0.0412,813,0.06681,813,0.13299,813,0.22979,813,0.25443,813,0.66773
812,0.01412,812,0.01536,812,0.02891,812,0.04137,812,0.06705,812,0.13354,812,0.23107,812,0.25592,812,0.67047
811,0.01396,811,0.01541,811,0.02911,811,0.04159,811,0.06766,811,0.13465,811,0.23279,811,0.25809,811,0.67329
810,0.0142,810,0.01561,810,0.02937,810,0.04207,810,0.06795,810,0.13534,810,0.2349,810,0.26017,810,0.67608
809,0.01433,809,0.01584,809,0.02977,809,0.04251,809,0.06863,809,0.13742,809,0.23754,809,0.26273,809,0.67914
808,0.01449,808,0.01594,808,0.03,808,0.04296,808,0.06943,808,0.13892,808,0.23952,808,0.26543,808,0.68208
807,0.01446,807,0.01609,807,0.03021,807,0.04332,807,0.07016,807,0.14027,807,0.2413,807,0.26766,807,0.685
806,0.01456,806,0.01609,806,0.03045,806,0.04361,806,0.07083,806,0.14084,806,0.24355,806,0.26979,806,0.68805
805,0.01453,805,0.01602,805,0.0305,805,0.04378,805,0.07118,805,0.14177,805,0.24491,805,0.27131,805,0.69087
804,0.01479,804,0.01633,804,0.03086,804,0.04424,804,0.07193,804,0.14302,804,0.24727,804,0.27399,804,0.69388
803,0.01486,803,0.01659,803,0.03129,803,0.04485,803,0.07274,803,0.14482,803,0.25003,803,0.2769,803,0.69708
802,0.01482,802,0.01657,802,0.03138,802,0.04506,802,0.07321,802,0.14575,802,0.25159,802,0.27896,802,0.69995
801,0.01486,801,0.01656,801,0.03153,801,0.04527,801,0.07368,801,0.14691,801,0.25313,801,0.28086,801,0.70292
800,0.01472,800,0.01667,800,0.03171,800,0.04563,800,0.07427,800,0.14694,800,0.25308,800,0.28091,800,0.70596
799,-0.00391,799,0.00933,799,0.02699,799,0.03804,799,0.06536,799,0.14693,799,0.25305,799,0.28091,799,0.69863
798,-0.00275,798,0.00986,798,0.02746,798,0.03934,798,0.06736,798,0.15061,798,0.25758,798,0.2846,798,0.70239
797,-0.0038,797,0.0091,797,0.02715,797,0.03808,797,0.06632,797,0.14942,797,0.25628,797,0.28361,797,0.70468
796,-0.00344,796,0.00937,796,0.02774,796,0.03863,796,0.06765,796,0.15216,796,0.2589,796,0.28764,796,0.70795
795,-0.0034,795,0.00972,795,0.02774,795,0.03888,795,0.06823,795,0.15343,795,0.26117,795,0.28876,795,0.71115
794,-0.00306,794,0.00975,794,0.02795,794,0.03923,794,0.0679,794,0.1537,794,0.26352,794,0.29084,794,0.71466
793,-0.003,793,0.00945,793,0.02807,793,0.03945,793,0.06889,793,0.15544,793,0.26669,793,0.29432,793,0.71747
792,-0.00289,792,0.00982,792,0.02818,792,0.0406,792,0.06961,792,0.15686,792,0.2675,792,0.29569,792,0.72062
791,-0.00244,791,0.01003,791,0.02864,791,0.04063,791,0.07042,791,0.15756,791,0.26911,791,0.29783,791,0.72412
790,-0.00212,790,0.00976,790,0.02857,790,0.04088,790,0.07096,790,0.15951,790,0.27117,790,0.2996,790,0.72716
789,-0.0032,789,0.00977,789,0.02867,789,0.04109,789,0.07143,789,0.15943,789,0.27223,789,0.30088,789,0.73023
788,-0.00295,788,0.01002,788,0.02869,788,0.04126,788,0.07145,788,0.16172,788,0.27502,788,0.30448,788,0.73332
787,-0.00298,787,0.01017,787,0.02963,787,0.04154,787,0.07235,787,0.16231,787,0.27692,787,0.30578,787,0.73649
786,-0.00324,786,0.01005,786,0.02911,786,0.04238,786,0.07256,786,0.16328,786,0.28115,786,0.30812,786,0.73963
785,-0.00367,785,0.00986,785,0.02897,785,0.04161,785,0.07313,785,0.16369,785,0.28045,785,0.30876,785,0.74279
784,-0.00308,784,0.01018,784,0.02983,784,0.04305,784,0.07455,784,0.16687,784,0.28518,784,0.31478,784,0.74628
783,-0.0026,783,0.01066,783,0.03026,783,0.04341,783,0.07526,783,0.16806,783,0.28613,783,0.31731,783,0.74967
782,-0.00317,782,0.01038,782,0.03046,782,0.04315,782,0.0754,782,0.1695,782,0.28795,782,0.31815,782,0.75285
781,-0.00261,781,0.01053,781,0.03065,781,0.04423,781,0.07641,781,0.17085,781,0.29074,781,0.32164,781,0.75631
780,-0.00247,780,0.01108,780,0.03102,780,0.04459,780,0.07727,780,0.1723,780,0.29464,780,0.3251,780,0.75942
779,-0.00283,779,0.01118,779,0.03136,779,0.04493,779,0.07791,779,0.17437,779,0.29572,779,0.32723,779,0.7633
778,-0.00287,778,0.01064,778,0.03112,778,0.04515,778,0.07848,778,0.17457,778,0.29873,778,0.33025,778,0.76599
777,-0.00254,777,0.01088,777,0.0318,777,0.04565,777,0.07999,777,0.17722,777,0.30138,777,0.3352,777,0.76953
776,-0.00224,776,0.0113,776,0.0322,776,0.04656,776,0.0807,776,0.17868,776,0.30432,776,0.3369,776,0.77329
775,-0.00221,775,0.01099,775,0.03207,775,0.04689,775,0.08107,775,0.17976,775,0.30556,775,0.33804,775,0.77618
774,-0.0028,774,0.01059,774,0.03237,774,0.04699,774,0.0816,774,0.1813,774,0.30838,774,0.34095,774,0.77988
773,-0.00216,773,0.01087,773,0.03277,773,0.04725,773,0.08181,773,0.18277,773,0.31204,773,0.3444,773,0.78316
772,-0.00218,772,0.01194,772,0.03319,772,0.04835,772,0.08355,772,0.18543,772,0.31514,772,0.34746,772,0.78731
771,-0.00229,771,0.01157,771,0.03361,771,0.04852,771,0.08452,771,0.18621,771,0.31715,771,0.35123,771,0.79061
770,-0.00238,770,0.01191,770,0.03385,770,0.04927,770,0.08553,770,0.18781,770,0.32147,770,0.35467,770,0.79405
769,-0.00291,769,0.01178,769,0.034,769,0.04941,769,0.08552,769,0.18912,769,0.32239,769,0.35703,769,0.79717
768,-0.00269,768,0.01153,768,0.03426,768,0.05005,768,0.08655,768,0.19074,768,0.32567,768,0.35969,768,0.80081
767,-0.00269,767,0.01166,767,0.03456,767,0.05063,767,0.08756,767,0.19264,767,0.32879,767,0.36376,767,0.80453
766,-0.00214,766,0.01202,766,0.03499,766,0.05083,766,0.0889,766,0.19498,766,0.33291,766,0.36781,766,0.8077
765,-0.00208,765,0.01232,765,0.03536,765,0.05193,765,0.08985,765,0.19709,765,0.33697,765,0.37147,765,0.81181
764,-0.00237,764,0.01286,764,0.03597,764,0.05185,764,0.09073,764,0.19852,764,0.3389,764,0.37581,764,0.81554
763,-0.00224,763,0.01212,763,0.03561,763,0.05264,763,0.09076,763,0.20017,763,0.34055,763,0.37695,763,0.81872
762,-0.00156,762,0.01222,762,0.03654,762,0.0533,762,0.09228,762,0.20237,762,0.34605,762,0.38229,762,0.82245
761,-0.0022,761,0.01233,761,0.03645,761,0.05369,761,0.09288,761,0.2043,761,0.34787,761,0.38412,761,0.82618
760,-0.00175,760,0.01272,760,0.03673,760,0.05473,760,0.09451,760,0.20672,760,0.3519,760,0.3893,760,0.83015
759,-0.00219,759,0.01292,759,0.03744,759,0.05525,759,0.09562,759,0.20917,759,0.35593,759,0.39288,759,0.83355
758,-0.00228,758,0.01293,758,0.03783,758,0.05558,758,0.0965,758,0.21116,758,0.35941,758,0.39751,758,0.83782
757,-0.00182,757,0.01394,757,0.03843,757,0.05677,757,0.09779,757,0.21419,757,0.36355,757,0.40234,757,0.84177
756,-0.00148,756,0.01286,756,0.03846,756,0.05697,756,0.09838,756,0.2154,756,0.36621,756,0.4056,756,0.84543
755,-0.00169,755,0.0136,755,0.03924,755,0.05803,755,0.0994,755,0.21768,755,0.37008,755,0.40915,755,0.84893
754,-0.00106,754,0.01382,754,0.03947,754,0.05844,754,0.10142,754,0.22018,754,0.37543,754,0.41489,754,0.85286
753,-8.67E-04,753,0.0142,753,0.04026,753,0.05905,753,0.10251,753,0.22297,753,0.37976,753,0.42121,753,0.85709
752,-0.00121,752,0.01428,752,0.04043,752,0.05956,752,0.10293,752,0.22453,752,0.38299,752,0.42265,752,0.86097
751,-6.58E-04,751,0.0145,751,0.04134,751,0.06054,751,0.10437,751,0.22742,751,0.38866,751,0.42771,751,0.86462
750,-5.09E-04,750,0.01477,750,0.04148,750,0.06184,750,0.10605,750,0.22981,750,0.39233,750,0.4339,750,0.8688
749,-7.80E-04,749,0.01508,749,0.04224,749,0.06201,749,0.10691,749,0.23245,749,0.39642,749,0.43859,749,0.87305
748,-7.36E-04,748,0.0151,748,0.04238,748,0.06302,748,0.10842,748,0.23549,748,0.40013,748,0.44276,748,0.87689
747,-5.89E-04,747,0.01562,747,0.04305,747,0.06358,747,0.1096,747,0.23749,747,0.40335,747,0.446,747,0.8807
746,-8.49E-04,746,0.01522,746,0.04321,746,0.06407,746,0.11051,746,0.23984,746,0.40729,746,0.45211,746,0.88477
745,-5.04E-04,745,0.01593,745,0.04412,745,0.06552,745,0.11244,745,0.24328,745,0.41381,745,0.45814,745,0.88904
744,-6.02E-04,744,0.01572,744,0.04459,744,0.06605,744,0.11322,744,0.24586,744,0.41741,744,0.46144,744,0.89327
743,-5.19E-04,743,0.01614,743,0.04501,743,0.06686,743,0.11472,743,0.24854,743,0.42252,743,0.46697,743,0.89738
742,-4.50E-04,742,0.01624,742,0.04551,742,0.06747,742,0.11577,742,0.25084,742,0.42654,742,0.47144,742,0.9014
741,1.77E-04,741,0.01685,741,0.0464,741,0.06874,741,0.11791,741,0.25421,741,0.43219,741,0.47871,741,0.90612
740,6.44E-04,740,0.01733,740,0.04712,740,0.06996,740,0.11992,740,0.25791,740,0.43833,740,0.48597,740,0.91034
739,8.14E-04,739,0.01761,739,0.04774,739,0.0711,739,0.12134,739,0.26139,739,0.44338,739,0.49059,739,0.91472
738,0.00111,738,0.01739,738,0.04816,738,0.07184,738,0.12279,738,0.26407,738,0.44806,738,0.49697,738,0.91907
737,0.00103,737,0.0177,737,0.04878,737,0.07274,737,0.12447,737,0.26753,737,0.45327,737,0.50215,737,0.92322
736,0.00112,736,0.01813,736,0.04948,736,0.07368,736,0.1262,736,0.27055,736,0.4599,736,0.50943,736,0.92751
735,0.00166,735,0.01815,735,0.05012,735,0.07521,735,0.12807,735,0.27432,735,0.4659,735,0.51624,735,0.93184
734,0.0019,734,0.01895,734,0.05119,734,0.07641,734,0.13037,734,0.27852,734,0.47308,734,0.52486,734,0.93649
733,0.00221,733,0.01968,733,0.05229,733,0.07782,733,0.13233,733,0.28319,733,0.48051,733,0.53199,733,0.94108
732,0.002,732,0.01959,732,0.05306,732,0.07895,732,0.13455,732,0.28741,732,0.48693,732,0.54089,732,0.94586
731,0.00236,731,0.02021,731,0.05378,731,0.08026,731,0.13618,731,0.29199,731,0.49443,731,0.54757,731,0.95009
730,0.00279,730,0.02072,730,0.05482,730,0.08188,730,0.13883,730,0.29586,730,0.50169,730,0.55664,730,0.95513
729,0.00292,729,0.02108,729,0.05596,729,0.08341,729,0.1406,729,0.30132,729,0.51023,729,0.566,729,0.95985
728,0.00284,728,0.02127,728,0.05643,728,0.08443,728,0.14244,728,0.30456,728,0.51661,728,0.57327,728,0.96434
727,0.0034,727,0.02152,727,0.05739,727,0.0857,727,0.14483,727,0.30874,727,0.52522,727,0.58208,727,0.96902
726,0.00337,726,0.02258,726,0.05845,726,0.08737,726,0.1479,726,0.31352,726,0.53223,726,0.59019,726,0.97414
725,0.00387,725,0.02247,725,0.05953,725,0.08861,725,0.15027,725,0.31872,725,0.5395,725,0.59867,725,0.97896
724,0.00453,724,0.02332,724,0.06042,724,0.0903,724,0.15222,724,0.32247,724,0.54887,724,0.60748,724,0.98379
723,0.0046,723,0.02351,723,0.06119,723,0.09176,723,0.15439,723,0.32731,723,0.55529,723,0.61577,723,0.98866
722,0.00483,722,0.02407,722,0.06241,722,0.09338,722,0.15692,722,0.33275,722,0.56267,722,0.62525,722,0.99392
721,0.00518,721,0.02469,721,0.06384,721,0.09488,721,0.15952,721,0.33732,721,0.57143,721,0.63363,721,0.99873
720,0.00603,720,0.02567,720,0.06504,720,0.09693,720,0.16225,720,0.34326,720,0.5807,720,0.64453,720,1.00415
719,0.00666,719,0.02594,719,0.06605,719,0.09853,719,0.16501,719,0.3489,719,0.58835,719,0.6543,719,1.00917
718,0.00711,718,0.02672,718,0.06723,718,0.10042,718,0.16788,718,0.35447,718,0.5973,718,0.6637,718,1.01445
717,0.00712,717,0.02701,717,0.0679,717,0.10167,717,0.17036,717,0.35869,717,0.60512,717,0.67211,717,1.01966
716,0.00787,716,0.02807,716,0.06985,716,0.10393,716,0.17373,716,0.36549,716,0.61545,716,0.683,716,1.02522
715,0.0081,715,0.02841,715,0.07118,715,0.10594,715,0.17677,715,0.37088,715,0.62363,715,0.69281,715,1.03033
714,0.00862,714,0.02943,714,0.07248,714,0.1081,714,0.17981,714,0.37713,714,0.63383,714,0.70268,714,1.03584
713,0.00841,713,0.02949,713,0.07354,713,0.10971,713,0.18214,713,0.38262,713,0.64251,713,0.71295,713,1.04109
712,0.00919,712,0.03033,712,0.07518,712,0.11177,712,0.18593,712,0.38918,712,0.65263,712,0.7234,712,1.04662
711,0.00959,711,0.03139,711,0.0766,711,0.11409,711,0.18947,711,0.39564,711,0.66259,711,0.73459,711,1.05225
710,0.01075,710,0.03188,710,0.07831,710,0.11655,710,0.19328,710,0.4029,710,0.6735,710,0.7469,710,1.05804
709,0.01161,709,0.03331,709,0.08013,709,0.1192,709,0.19682,709,0.41004,709,0.68464,709,0.75982,709,1.06386
708,0.01203,708,0.03423,708,0.08187,708,0.12174,708,0.2011,708,0.41676,708,0.69481,708,0.77124,708,1.06932
707,0.01293,707,0.03541,707,0.08376,707,0.12448,707,0.20506,707,0.4253,707,0.70693,707,0.78499,707,1.07539
706,0.0135,706,0.03612,706,0.08556,706,0.12709,706,0.2093,706,0.43256,706,0.71759,706,0.7966,706,1.08105
705,0.01406,705,0.03721,705,0.08757,705,0.12983,705,0.21403,705,0.44092,705,0.73037,705,0.81065,705,1.08706
704,0.01473,704,0.03829,704,0.09004,704,0.13314,704,0.21909,704,0.44939,704,0.74307,704,0.82401,704,1.0928
703,0.01582,703,0.03978,703,0.09209,703,0.13656,703,0.22362,703,0.45836,703,0.75662,703,0.83805,703,1.09878
702,0.01734,702,0.04107,702,0.09479,702,0.14039,702,0.22932,702,0.46852,702,0.76997,702,0.85379,702,1.10494
701,0.01821,701,0.04224,701,0.09729,701,0.14363,701,0.23457,701,0.47805,701,0.78324,701,0.86723,701,1.11075
700,0.01892,700,0.04373,700,0.09995,700,0.14722,700,0.24003,700,0.48818,700,0.79745,700,0.88258,700,1.11682
699,0.02023,699,0.04554,699,0.10282,699,0.1516,699,0.24628,699,0.49885,699,0.81168,699,0.89963,699,1.12295
698,0.02155,698,0.04764,698,0.10602,698,0.15674,698,0.25278,698,0.51018,698,0.82718,698,0.9166,698,1.12925
697,0.02299,697,0.0495,697,0.10944,697,0.16102,697,0.25948,697,0.52223,697,0.84341,697,0.93318,697,1.13506
696,0.0245,696,0.05174,696,0.11286,696,0.16583,696,0.26656,696,0.53489,696,0.85959,696,0.95054,696,1.14114
695,0.02584,695,0.05376,695,0.11666,695,0.17106,695,0.27434,695,0.54788,695,0.8764,695,0.96833,695,1.14711
694,0.02758,694,0.05613,694,0.12075,694,0.17681,694,0.28274,694,0.56236,694,0.89371,694,0.98775,694,1.15301
693,0.02958,693,0.05927,693,0.12534,693,0.18307,693,0.29181,693,0.57699,693,0.91205,693,1.00644,693,1.1591
692,0.03135,692,0.06167,692,0.13026,692,0.18966,692,0.30109,692,0.59302,692,0.93035,692,1.02591,692,1.1649
691,0.03379,691,0.06501,691,0.13561,691,0.19706,691,0.31167,691,0.60952,691,0.94968,691,1.04557,691,1.17088
690,0.03586,690,0.06797,690,0.14097,690,0.20439,690,0.32235,690,0.6269,690,0.96749,690,1.0647,690,1.17593
689,0.03844,689,0.07184,689,0.14696,689,0.21272,689,0.33388,689,0.64481,689,0.9871,689,1.08392,689,1.18087
688,0.04109,688,0.07596,688,0.15344,688,0.22147,688,0.34588,688,0.66429,688,1.00622,688,1.10327,688,1.18576
687,0.04418,687,0.08002,687,0.16071,687,0.23125,687,0.35907,687,0.68487,687,1.02563,687,1.12219,687,1.19003
686,0.0474,686,0.08494,686,0.16867,686,0.24194,686,0.37312,686,0.70549,686,1.04414,686,1.14116,686,1.19413
685,0.05085,685,0.0899,685,0.1768,685,0.25315,685,0.38794,685,0.72704,685,1.06283,685,1.15763,685,1.1975
684,0.05446,684,0.09511,684,0.18571,684,0.26522,684,0.40379,684,0.74993,684,1.08038,684,1.17362,684,1.19997
683,0.0581,683,0.10074,683,0.19521,683,0.27806,683,0.42031,683,0.77216,683,1.09533,683,1.18633,683,1.20214
682,0.06267,682,0.10756,682,0.20561,682,0.29179,682,0.43797,682,0.7957,682,1.11102,682,1.19918,682,1.20338
681,0.06731,681,0.11439,681,0.21651,681,0.30592,681,0.45544,681,0.81717,681,1.12235,681,1.2088,681,1.20367
680,0.07201,680,0.12156,680,0.22788,680,0.32052,680,0.47324,680,0.83749,680,1.13105,680,1.21409,680,1.20267
679,0.07694,679,0.12946,679,0.23982,679,0.33595,679,0.49153,679,0.85731,679,1.13858,679,1.21823,679,1.20116
678,0.08299,678,0.13738,678,0.25158,678,0.3503,678,0.50826,678,0.87363,678,1.14209,678,1.21745,678,1.19784
677,0.08845,677,0.14522,677,0.26324,677,0.36541,677,0.52424,677,0.88807,677,1.14314,677,1.21404,677,1.19377
676,0.09471,676,0.15389,676,0.27528,676,0.37978,676,0.5398,676,0.89965,676,1.14132,676,1.21034,676,1.18896
675,0.10041,675,0.16238,675,0.28645,675,0.39282,675,0.55317,675,0.9075,675,1.13579,675,1.20129,675,1.18289
674,0.10662,674,0.17034,674,0.29699,674,0.4048,674,0.56443,674,0.91163,674,1.12958,674,1.19172,674,1.17618
673,0.11276,673,0.17817,673,0.30669,673,0.41518,673,0.57288,673,0.913,673,1.12026,673,1.17973,673,1.16835
672,0.11925,672,0.18622,672,0.31532,672,0.42417,672,0.57995,672,0.91176,672,1.11068,672,1.16819,672,1.15999
671,0.12561,671,0.19319,671,0.32286,671,0.43108,671,0.58473,671,0.90808,671,1.09871,671,1.15362,671,1.15159
670,0.13106,670,0.19965,670,0.32866,670,0.43669,670,0.58695,670,0.90163,670,1.08607,670,1.13944,670,1.14242
669,0.13741,669,0.20595,669,0.33366,669,0.44085,669,0.58776,669,0.89445,669,1.07419,669,1.12646,669,1.13395
668,0.14282,668,0.2111,668,0.33756,668,0.44286,668,0.58652,668,0.88551,668,1.06203,668,1.11359,668,1.12506
667,0.14783,667,0.21565,667,0.34002,667,0.4434,667,0.58422,667,0.87603,667,1.04909,667,1.09963,667,1.11698
666,0.15231,666,0.21933,666,0.34178,666,0.44266,666,0.58039,666,0.86573,666,1.0373,666,1.08753,666,1.10918
665,0.15609,665,0.22174,665,0.34205,665,0.44098,665,0.5757,665,0.855,665,1.02537,665,1.07514,665,1.10179
664,0.1599,664,0.22379,664,0.34133,664,0.43842,664,0.57044,664,0.84513,664,1.0148,664,1.06345,664,1.09502
663,0.16268,663,0.22485,663,0.33981,663,0.43491,663,0.56463,663,0.83554,663,1.00485,663,1.05399,663,1.08918
662,0.1648,662,0.22511,662,0.33756,662,0.43114,662,0.55866,662,0.82587,662,0.99519,662,1.0452,662,1.08396
661,0.16634,661,0.22502,661,0.33508,661,0.42718,661,0.55261,661,0.81771,661,0.98842,661,1.03799,661,1.07966
660,0.16694,660,0.22373,660,0.33181,660,0.42205,660,0.54633,660,0.80897,660,0.98032,660,1.0308,660,1.07584
659,0.16722,659,0.22223,659,0.3287,659,0.41769,659,0.54073,659,0.8021,659,0.97479,659,1.02623,659,1.07262
658,0.16706,658,0.22025,658,0.3253,658,0.4128,658,0.53546,658,0.79583,658,0.9703,658,1.02148,658,1.0703
657,0.16641,657,0.21811,657,0.3219,657,0.40844,657,0.53006,657,0.79013,657,0.96674,657,1.01769,657,1.06867
656,0.16549,656,0.21596,656,0.31868,656,0.40478,656,0.52587,656,0.78576,656,0.96408,656,1.01492,656,1.06765
655,0.1649,655,0.21434,655,0.31603,655,0.40144,655,0.52244,655,0.78256,655,0.96409,655,1.01445,655,1.06714
654,0.16383,654,0.21216,654,0.31328,654,0.39809,654,0.51857,654,0.77961,654,0.96136,654,1.0136,654,1.06723
653,0.16259,653,0.21029,653,0.31055,653,0.3952,653,0.51565,653,0.77748,653,0.96064,653,1.01312,653,1.06782
652,0.16155,652,0.20859,652,0.30883,652,0.39297,652,0.51364,652,0.77616,652,0.9606,652,1.01478,652,1.0691
651,0.16039,651,0.20698,651,0.30648,651,0.39078,651,0.51181,651,0.77551,651,0.96187,651,1.01534,651,1.07065
650,0.15952,650,0.20569,650,0.30564,650,0.38944,650,0.51098,650,0.77629,650,0.96452,650,1.01923,650,1.07295
649,0.15902,649,0.20465,649,0.30467,649,0.38867,649,0.51092,649,0.77808,649,0.9684,649,1.02376,649,1.07571
648,0.15832,648,0.20406,648,0.30414,648,0.38838,648,0.51096,648,0.78018,648,0.97269,648,1.02846,648,1.07855
647,0.15792,647,0.20334,647,0.30362,647,0.3883,647,0.51179,647,0.78301,647,0.9763,647,1.03312,647,1.08154
646,0.15743,646,0.20292,646,0.3037,646,0.38875,646,0.51302,646,0.78647,646,0.98156,646,1.03722,646,1.08499
645,0.15765,645,0.20318,645,0.3041,645,0.38988,645,0.51542,645,0.79094,645,0.98845,645,1.04523,645,1.08855
644,0.15746,644,0.2035,644,0.30502,644,0.39147,644,0.51779,644,0.79602,644,0.99362,644,1.05081,644,1.09203
643,0.15765,643,0.2038,643,0.3059,643,0.39315,643,0.52095,643,0.80161,643,0.99987,643,1.05705,643,1.09575
642,0.15811,642,0.20463,642,0.30773,642,0.3954,642,0.52439,642,0.80737,642,1.00651,642,1.06449,642,1.09934
641,0.15931,641,0.20567,641,0.30986,641,0.39793,641,0.52806,641,0.81379,641,1.01353,641,1.07131,641,1.10305
640,0.1598,640,0.2068,640,0.31169,640,0.40091,640,0.53225,640,0.82066,640,1.02057,640,1.07804,640,1.10663
639,0.16066,639,0.20793,639,0.31384,639,0.40415,639,0.53688,639,0.82752,639,1.02681,639,1.08478,639,1.11015
638,0.1622,638,0.21009,638,0.3167,638,0.40804,638,0.54218,638,0.83538,638,1.03507,638,1.09209,638,1.11406
637,0.16359,637,0.21205,637,0.31972,637,0.41201,637,0.54779,637,0.84365,637,1.04237,637,1.09901,637,1.11747
636,0.16567,636,0.21425,636,0.32322,636,0.41618,636,0.55355,636,0.85211,636,1.04996,636,1.10755,636,1.12091
635,0.16726,635,0.21624,635,0.3265,635,0.42086,635,0.55929,635,0.86067,635,1.05704,635,1.11398,635,1.12392
634,0.16865,634,0.21842,634,0.33025,634,0.42608,634,0.56587,634,0.8686,634,1.06417,634,1.11984,634,1.1271
633,0.17129,633,0.22156,633,0.33442,633,0.43124,633,0.57249,633,0.87728,633,1.07165,633,1.12683,633,1.12998
632,0.17354,632,0.22425,632,0.33859,632,0.43647,632,0.57949,632,0.8867,632,1.07837,632,1.13416,632,1.13275
631,0.17656,631,0.22762,631,0.3432,631,0.44258,631,0.58677,631,0.89593,631,1.08594,631,1.14114,631,1.13573
630,0.17938,630,0.23087,630,0.34792,630,0.44853,630,0.59405,630,0.9048,630,1.09188,630,1.14569,630,1.13795
629,0.18221,629,0.23422,629,0.35289,629,0.4547,629,0.60155,629,0.91391,629,1.09822,629,1.15048,629,1.14004
628,0.18532,628,0.23805,628,0.3582,628,0.46136,628,0.60961,628,0.92282,628,1.10412,628,1.1566,628,1.14233
627,0.18867,627,0.24192,627,0.36351,627,0.46827,627,0.61802,627,0.93232,627,1.10977,627,1.16093,627,1.14416
626,0.19227,626,0.24632,626,0.36964,626,0.47543,626,0.62661,626,0.94167,626,1.11593,626,1.16639,626,1.1461
625,0.19576,625,0.25049,625,0.37529,625,0.48253,625,0.63473,625,0.95008,625,1.12106,625,1.17026,625,1.1475
624,0.19962,624,0.25497,624,0.38115,624,0.48969,624,0.64278,624,0.95839,624,1.12552,624,1.1737,624,1.14871
623,0.20281,623,0.25936,623,0.38723,623,0.49686,623,0.65088,623,0.96634,623,1.12848,623,1.17551,623,1.14923
622,0.20649,622,0.26389,622,0.39346,622,0.50453,622,0.65936,622,0.97371,622,1.13246,622,1.1779,622,1.14968
621,0.21135,621,0.26883,621,0.39987,621,0.51203,621,0.66764,621,0.98057,621,1.13434,621,1.17913,621,1.15002
620,0.21582,620,0.27398,620,0.40643,620,0.51967,620,0.67543,620,0.98737,620,1.13725,620,1.18041,620,1.15008
619,0.22115,619,0.27924,619,0.41282,619,0.52734,619,0.68326,619,0.99364,619,1.13925,619,1.18133,619,1.14945
618,0.22502,618,0.28393,618,0.41904,618,0.53429,618,0.69016,618,0.99825,618,1.13963,618,1.18021,618,1.14855
617,0.22898,617,0.28893,617,0.4252,617,0.54088,617,0.69645,617,1.00234,617,1.1392,617,1.17948,617,1.14714
616,0.23317,616,0.29398,616,0.4312,616,0.54767,616,0.70313,616,1.00566,616,1.13838,616,1.17693,616,1.1456
615,0.2371,615,0.29859,615,0.43657,615,0.55398,615,0.70848,615,1.00761,615,1.13639,615,1.17569,615,1.14363
614,0.24096,614,0.30309,614,0.44197,614,0.55933,614,0.7134,614,1.00889,614,1.13396,614,1.17176,614,1.14118
613,0.24498,613,0.30779,613,0.44716,613,0.56473,613,0.71766,613,1.00958,613,1.13181,613,1.16893,613,1.13861
612,0.24814,612,0.31151,612,0.45098,612,0.56885,612,0.72004,612,1.00816,612,1.12635,612,1.16342,612,1.13517
611,0.25198,611,0.31532,611,0.45464,611,0.57224,611,0.72234,611,1.00663,611,1.12276,611,1.15839,611,1.13166
610,0.2547,610,0.31823,610,0.4577,610,0.57483,610,0.72349,610,1.00394,610,1.11819,610,1.153,610,1.12781
609,0.25711,609,0.32087,609,0.46013,609,0.57671,609,0.72377,609,1.00039,609,1.11315,609,1.14769,609,1.12394
608,0.25888,608,0.32294,608,0.46181,608,0.57816,608,0.72335,608,0.99609,608,1.10732,608,1.14071,608,1.11964
607,0.26094,607,0.32499,607,0.46265,607,0.57833,607,0.72205,607,0.9916,607,1.10198,607,1.13671,607,1.11532
606,0.26239,606,0.32579,606,0.46253,606,0.57755,606,0.71954,606,0.98575,606,1.09526,606,1.12965,606,1.11072
605,0.26302,605,0.32638,605,0.46249,605,0.57606,605,0.71684,605,0.98031,605,1.08996,605,1.12396,605,1.10615
604,0.26309,604,0.32602,604,0.46129,604,0.57362,604,0.71292,604,0.9739,604,1.08271,604,1.11619,604,1.10152
603,0.26293,603,0.32521,603,0.45954,603,0.57077,603,0.70889,603,0.96713,603,1.07631,603,1.10888,603,1.097
602,0.26232,602,0.32401,602,0.45741,602,0.56738,602,0.70446,602,0.96044,602,1.07008,602,1.10299,602,1.09295
601,0.26139,601,0.32254,601,0.45467,601,0.56373,601,0.69944,601,0.9545,601,1.06452,601,1.09946,601,1.08937
600,0.26003,600,0.32064,600,0.45177,600,0.55986,600,0.6947,600,0.94838,600,1.0595,600,1.09478,600,1.08597
599,0.25854,599,0.31834,599,0.44858,599,0.55592,599,0.68957,599,0.94222,599,1.05471,599,1.09057,599,1.0829
598,0.25695,598,0.31657,598,0.44547,598,0.55231,598,0.68544,598,0.93748,598,1.0512,598,1.08766,598,1.08066
597,0.25491,597,0.3141,597,0.44194,597,0.5484,597,0.68048,597,0.93321,597,1.04791,597,1.08388,597,1.07875
596,0.2527,596,0.31153,596,0.43892,596,0.54465,596,0.67636,596,0.92894,596,1.04553,596,1.08203,596,1.07744
595,0.25128,595,0.30938,595,0.43616,595,0.54091,595,0.6731,595,0.92592,595,1.04458,595,1.08129,595,1.07682
594,0.24884,594,0.30677,594,0.43299,594,0.53755,594,0.66956,594,0.92356,594,1.04313,594,1.07939,594,1.07641
593,0.24709,593,0.3046,593,0.43019,593,0.53437,593,0.6668,593,0.92207,593,1.04303,593,1.08038,593,1.07654
592,0.2452,592,0.30252,592,0.4276,592,0.53189,592,0.66455,592,0.92089,592,1.04319,592,1.07962,592,1.07733
591,0.24291,591,0.30026,591,0.42508,591,0.52936,591,0.66211,591,0.91965,591,1.04336,591,1.08014,591,1.07782
590,0.24137,590,0.29821,590,0.42335,590,0.52777,590,0.66107,590,0.92057,590,1.04572,590,1.08266,590,1.07926
589,0.23964,589,0.29642,589,0.42155,589,0.52614,589,0.66038,589,0.92213,589,1.0482,589,1.08439,589,1.08098
588,0.23824,588,0.29481,588,0.42044,588,0.52508,588,0.66001,588,0.92356,588,1.0504,588,1.08823,588,1.08263
587,0.2371,587,0.29353,587,0.41947,587,0.52454,587,0.66023,587,0.92608,587,1.05382,587,1.09248,587,1.08498
586,0.23518,586,0.29198,586,0.41821,586,0.52387,586,0.6607,586,0.92826,586,1.05575,586,1.09462,586,1.08689
585,0.23413,585,0.29098,585,0.41755,585,0.52389,585,0.66163,585,0.93115,585,1.05951,585,1.09812,585,1.08942
584,0.23317,584,0.28975,584,0.41706,584,0.52397,584,0.66299,584,0.93485,584,1.06365,584,1.1031,584,1.09171
583,0.23216,583,0.28893,583,0.41705,583,0.52474,583,0.66449,583,0.93895,583,1.06912,583,1.1078,583,1.09409
582,0.23122,582,0.28821,582,0.4171,582,0.52552,582,0.66633,582,0.943,582,1.07171,582,1.11051,582,1.09656
581,0.23045,581,0.28771,581,0.4177,581,0.52649,581,0.66885,581,0.947,581,1.07597,581,1.11509,581,1.09906
580,0.22982,580,0.28711,580,0.418,580,0.52788,580,0.67112,580,0.95084,580,1.0806,580,1.11995,580,1.10126
579,0.22948,579,0.2872,579,0.41887,579,0.52971,579,0.67472,579,0.95659,579,1.08527,579,1.12436,579,1.10396
578,0.22869,578,0.28656,578,0.41918,578,0.53108,578,0.67737,578,0.961,578,1.08916,578,1.12755,578,1.10624
577,0.22829,577,0.28682,577,0.42052,577,0.53314,577,0.68076,577,0.96687,577,1.0949,577,1.13344,577,1.10902
576,0.228,576,0.28676,576,0.42165,576,0.53517,576,0.68412,576,0.97193,576,1.09925,576,1.1381,576,1.11155
575,0.22771,575,0.28681,575,0.42268,575,0.53731,575,0.68739,575,0.97684,575,1.10334,575,1.14134,575,1.11383
574,0.22764,574,0.28704,574,0.42418,574,0.54015,574,0.69137,574,0.98281,574,1.10812,574,1.14609,574,1.1162
573,0.22694,573,0.28703,573,0.42556,573,0.5428,573,0.6951,573,0.9881,573,1.11174,573,1.15006,573,1.11818
572,0.22735,572,0.28775,572,0.42759,572,0.54547,572,0.69929,572,0.99448,572,1.11707,572,1.15541,572,1.12108
571,0.22744,571,0.28831,571,0.42943,571,0.54857,571,0.70337,571,1.00058,571,1.12213,571,1.15998,571,1.1234
570,0.22751,570,0.2886,570,0.43118,570,0.55133,570,0.70781,570,1.00554,570,1.12682,570,1.16325,570,1.12582
569,0.22773,569,0.28948,569,0.43321,569,0.55441,569,0.7115,569,1.01188,569,1.13124,569,1.16768,569,1.12827
568,0.22742,568,0.29033,568,0.43511,568,0.55764,568,0.71602,568,1.01733,568,1.13518,568,1.17084,568,1.1306
567,0.2278,567,0.29097,567,0.43721,567,0.56093,567,0.72058,567,1.02332,567,1.1398,567,1.17474,567,1.13267
566,0.22835,566,0.29244,566,0.43998,566,0.56473,566,0.72558,566,1.03029,566,1.14506,566,1.18044,566,1.13524
565,0.22876,565,0.29318,565,0.44225,565,0.56846,565,0.73081,565,1.03629,565,1.14961,565,1.18424,565,1.13772
564,0.22866,564,0.29387,564,0.44453,564,0.57202,564,0.73568,564,1.04277,564,1.15337,564,1.18813,564,1.14012
563,0.22896,563,0.29493,563,0.44718,563,0.57563,563,0.74023,563,1.04971,563,1.15785,563,1.19259,563,1.14214
562,0.22991,562,0.29611,562,0.4498,562,0.57965,562,0.74542,562,1.05555,562,1.16265,562,1.19535,562,1.1445
561,0.23089,561,0.29737,561,0.45241,561,0.58382,561,0.75091,561,1.06165,561,1.16691,561,1.19986,561,1.14698
560,0.23165,560,0.29866,560,0.45552,560,0.58794,560,0.75649,560,1.06874,560,1.17156,560,1.2044,560,1.14941
559,0.23259,559,0.30002,559,0.45867,559,0.59235,559,0.76231,559,1.07616,559,1.17663,559,1.20854,559,1.15175
558,0.23327,558,0.3015,558,0.46157,558,0.5965,558,0.76756,558,1.08252,558,1.18061,558,1.21216,558,1.15408
557,0.23377,557,0.30299,557,0.46449,557,0.60096,557,0.77305,557,1.08822,557,1.18466,557,1.21618,557,1.15648
556,0.23464,556,0.30443,556,0.46787,556,0.60568,556,0.77914,556,1.09509,556,1.19007,556,1.21982,556,1.15886
555,0.23535,555,0.30648,555,0.47123,555,0.61031,555,0.78541,555,1.10187,555,1.19396,555,1.22343,555,1.16106
554,0.23621,554,0.30805,554,0.47496,554,0.61533,554,0.79096,554,1.10887,554,1.19859,554,1.2276,554,1.16361
553,0.23725,553,0.3097,553,0.47828,553,0.62046,553,0.79724,553,1.11647,553,1.20364,553,1.23041,553,1.1659
552,0.23861,552,0.31166,552,0.48168,552,0.62527,552,0.80373,552,1.12355,552,1.20777,552,1.23502,552,1.16834
551,0.23977,551,0.31361,551,0.48538,551,0.6304,551,0.81058,551,1.13045,551,1.21281,551,1.2394,551,1.17071
550,0.2412,550,0.31575,550,0.48932,550,0.63593,550,0.81709,550,1.1376,550,1.21838,550,1.24262,550,1.17291
549,0.24194,549,0.31744,549,0.49319,549,0.64103,549,0.82354,549,1.14476,549,1.22063,549,1.24578,549,1.17571
548,0.24325,548,0.31984,548,0.49718,548,0.64658,548,0.8302,548,1.15133,548,1.22472,548,1.24832,548,1.17786
547,0.24411,547,0.32164,547,0.50083,547,0.65201,547,0.83707,547,1.15841,547,1.22793,547,1.25118,547,1.18001
546,0.24482,546,0.32382,546,0.50528,546,0.65786,546,0.84402,546,1.16506,546,1.23214,546,1.2552,546,1.18245
545,0.24649,545,0.3259,545,0.5097,545,0.66355,545,0.85102,545,1.17268,545,1.23609,545,1.25777,545,1.18488
544,0.24844,544,0.32837,544,0.51382,544,0.66956,544,0.8584,544,1.18047,544,1.24093,544,1.26238,544,1.18717
543,0.25,543,0.33091,543,0.51864,543,0.67606,543,0.86589,543,1.18754,543,1.24467,543,1.26594,543,1.18985
542,0.25214,542,0.33371,542,0.52342,542,0.68278,542,0.87384,542,1.1954,542,1.24922,542,1.2705,542,1.19238
541,0.25415,541,0.33668,541,0.52851,541,0.68961,541,0.88157,541,1.20376,541,1.25488,541,1.27398,541,1.19487
540,0.25522,540,0.33923,540,0.5334,540,0.69583,540,0.88909,540,1.2109,540,1.25833,540,1.27755,540,1.1973
539,0.25786,539,0.3422,539,0.53823,539,0.70255,539,0.89732,539,1.2184,539,1.2623,539,1.28124,539,1.19957
538,0.25923,538,0.34482,538,0.54341,538,0.70945,538,0.90514,538,1.22564,538,1.26612,538,1.28322,538,1.20228
537,0.26079,537,0.34756,537,0.54837,537,0.71623,537,0.91301,537,1.23208,537,1.26897,537,1.28543,537,1.20432
536,0.26318,536,0.351,536,0.55415,536,0.72384,536,0.9218,536,1.24058,536,1.2739,536,1.28939,536,1.20712
535,0.26531,535,0.35412,535,0.5596,535,0.73139,535,0.93032,535,1.24768,535,1.27757,535,1.29277,535,1.20963
534,0.26716,534,0.35702,534,0.56499,534,0.73887,534,0.93879,534,1.25477,534,1.28102,534,1.2943,534,1.21174
533,0.26953,533,0.3605,533,0.57103,533,0.74643,533,0.94772,533,1.26249,533,1.28455,533,1.29797,533,1.21451
532,0.27214,532,0.36423,532,0.57743,532,0.75501,532,0.95645,532,1.27051,532,1.28956,532,1.30123,532,1.21699
531,0.27399,531,0.36764,531,0.58357,531,0.76294,531,0.96536,531,1.27689,531,1.29261,531,1.30328,531,1.21931
530,0.27593,530,0.37115,530,0.58982,530,0.7713,530,0.97477,530,1.284,530,1.29614,530,1.30558,530,1.2218
529,0.27848,529,0.37506,529,0.59626,529,0.77956,529,0.98411,529,1.29112,529,1.29885,529,1.30821,529,1.2245
528,0.2811,528,0.379,528,0.60292,528,0.78848,528,0.99341,528,1.29867,528,1.3026,528,1.31169,528,1.22723
527,0.284,527,0.38302,527,0.60986,527,0.79741,527,1.00351,527,1.30575,527,1.30629,527,1.3151,527,1.22983
526,0.28657,526,0.38737,526,0.61665,526,0.80643,526,1.01283,526,1.31234,526,1.30923,526,1.31636,526,1.23225
525,0.28967,525,0.39176,525,0.62395,525,0.81575,525,1.02239,525,1.31985,525,1.31218,525,1.31872,525,1.23491
524,0.29283,524,0.39634,524,0.63133,524,0.82533,524,1.03237,524,1.32621,524,1.31605,524,1.32214,524,1.23754
523,0.29515,523,0.40056,523,0.63869,523,0.83444,523,1.04229,523,1.33301,523,1.31745,523,1.32382,523,1.24017
522,0.29871,522,0.40537,522,0.64651,522,0.84439,522,1.05244,522,1.33957,522,1.32047,522,1.32573,522,1.2426
521,0.30265,521,0.41022,521,0.65444,521,0.85487,521,1.06269,521,1.34594,521,1.32332,521,1.32825,521,1.24505
520,0.30543,520,0.4148,520,0.66239,520,0.86505,520,1.07299,520,1.35235,520,1.32561,520,1.33042,520,1.24756
519,0.30853,519,0.42039,519,0.67105,519,0.87571,519,1.08348,519,1.35784,519,1.32864,519,1.33153,519,1.25018
518,0.31211,518,0.42608,518,0.67954,518,0.8867,518,1.09412,518,1.36435,518,1.33162,518,1.33426,518,1.25314
517,0.31607,517,0.43204,517,0.68864,517,0.89791,517,1.10521,517,1.37028,517,1.33553,517,1.3373,517,1.2556
516,0.3199,516,0.43809,516,0.69797,516,0.90909,516,1.11589,516,1.37639,516,1.33781,516,1.33903,516,1.25845
515,0.32312,515,0.44392,515,0.70704,515,0.92025,515,1.12672,515,1.38205,515,1.34043,515,1.34117,515,1.26099
514,0.32713,514,0.44952,514,0.71616,514,0.93157,514,1.13717,514,1.38697,514,1.34168,514,1.34198,514,1.26348
513,0.33177,513,0.4564,513,0.72621,513,0.94361,513,1.14785,513,1.39125,513,1.34391,513,1.34377,513,1.26616
512,0.33682,512,0.46303,512,0.73646,512,0.95582,512,1.15921,512,1.39638,512,1.34669,512,1.34605,512,1.26902
511,0.34159,511,0.47019,511,0.74669,511,0.96815,511,1.17004,511,1.40222,511,1.34968,511,1.34813,511,1.27167
510,0.34656,510,0.47711,510,0.75734,510,0.98047,510,1.181,510,1.40667,510,1.35201,510,1.35032,510,1.2744
509,0.3515,509,0.48454,509,0.76787,509,0.99325,509,1.19198,509,1.41064,509,1.35388,509,1.3513,509,1.27725
508,0.35676,508,0.49271,508,0.7791,508,1.00621,508,1.20354,508,1.41535,508,1.35644,508,1.35405,508,1.27963
507,0.36198,507,0.50039,507,0.79035,507,1.01919,507,1.21394,507,1.41885,507,1.35792,507,1.35683,507,1.28214
506,0.3678,506,0.5087,506,0.80161,506,1.03202,506,1.22469,506,1.42247,506,1.36015,506,1.36009,506,1.28467
505,0.37299,505,0.51709,505,0.81316,505,1.04498,505,1.23504,505,1.42546,505,1.36141,505,1.35961,505,1.28704
504,0.37948,504,0.52585,504,0.82508,504,1.05808,504,1.24587,504,1.4285,504,1.3629,504,1.36177,504,1.28962
503,0.38511,503,0.5349,503,0.83716,503,1.0714,503,1.25583,503,1.43126,503,1.36505,503,1.36424,503,1.29192
502,0.39188,502,0.54446,502,0.84918,502,1.08485,502,1.26596,502,1.43427,502,1.36722,502,1.36597,502,1.29439
501,0.39865,501,0.55443,501,0.86143,501,1.09798,501,1.27552,501,1.43582,501,1.36844,501,1.36618,501,1.29669
500,0.4054,500,0.56473,500,0.87425,500,1.11159,500,1.28593,500,1.43824,500,1.3693,500,1.36769,500,1.29896
499,0.41307,499,0.57529,499,0.88704,499,1.1251,499,1.29577,499,1.44003,499,1.371,499,1.37048,499,1.30103
498,0.42017,498,0.58631,498,0.89986,498,1.13824,498,1.30495,498,1.44186,498,1.3724,498,1.37115,498,1.30321
497,0.42829,497,0.59766,497,0.91335,497,1.15181,497,1.31443,497,1.44407,497,1.37499,497,1.374,497,1.30555
496,0.43575,496,0.60957,496,0.92626,496,1.16498,496,1.32327,496,1.44487,496,1.37608,496,1.3746,496,1.30751
495,0.44409,495,0.62079,495,0.93932,495,1.17763,495,1.3318,495,1.44559,495,1.37667,495,1.37532,495,1.30936
494,0.45314,494,0.633,494,0.95264,494,1.19072,494,1.3399,494,1.44673,494,1.37836,494,1.37731,494,1.31098
493,0.46203,493,0.64514,493,0.96616,493,1.20324,493,1.348,493,1.4472,493,1.37984,493,1.38004,493,1.31283
492,0.4709,492,0.65753,492,0.97951,492,1.21553,492,1.35542,492,1.44712,492,1.38101,492,1.3805,492,1.31447
491,0.48137,491,0.67018,491,0.99268,491,1.22754,491,1.36298,491,1.44864,491,1.38265,491,1.38244,491,1.31604
490,0.49044,490,0.68299,490,1.00567,490,1.23918,490,1.36935,490,1.44886,490,1.38385,490,1.38314,490,1.31691
489,0.50007,489,0.696,489,1.01887,489,1.25051,489,1.37544,489,1.4485,489,1.38397,489,1.38417,489,1.31811
488,0.51065,488,0.70988,488,1.03161,488,1.26153,488,1.38212,488,1.44838,488,1.38538,488,1.38615,488,1.31924
487,0.52056,487,0.72275,487,1.04414,487,1.27162,487,1.38752,487,1.44826,487,1.38574,487,1.38615,487,1.31988
486,0.53254,486,0.73684,486,1.05683,486,1.28216,486,1.39314,486,1.44775,486,1.38761,486,1.38881,486,1.321
485,0.54281,485,0.74988,485,1.06915,485,1.29121,485,1.39817,485,1.44767,485,1.38755,485,1.38828,485,1.32165
484,0.55467,484,0.76406,484,1.08131,484,1.30085,484,1.40309,484,1.44747,484,1.38887,484,1.39049,484,1.32217
483,0.56603,483,0.77709,483,1.09286,483,1.30948,483,1.40688,483,1.44668,483,1.38887,483,1.38988,483,1.32259
482,0.5772,482,0.79085,482,1.10426,482,1.31795,482,1.41084,482,1.44552,482,1.38907,482,1.38984,482,1.32263
481,0.58921,481,0.80483,481,1.11586,481,1.32616,481,1.4149,481,1.44547,481,1.38989,481,1.39237,481,1.32328
480,0.60128,480,0.81858,480,1.1269,480,1.33391,480,1.4181,480,1.44422,480,1.38961,480,1.39098,480,1.32347
479,0.6145,479,0.83229,479,1.13815,479,1.34165,479,1.42199,479,1.44468,479,1.39067,479,1.39307,479,1.32383
478,0.62663,478,0.84663,478,1.14886,478,1.34923,478,1.42535,478,1.44311,478,1.39136,478,1.39332,478,1.32396
477,0.63916,477,0.86055,477,1.1594,477,1.35591,477,1.42851,477,1.44338,477,1.39171,477,1.39271,477,1.32407
476,0.65236,476,0.8748,476,1.17037,476,1.36255,476,1.432,476,1.44258,476,1.39265,476,1.39459,476,1.32396
475,0.66546,475,0.88883,475,1.18047,475,1.36906,475,1.43414,475,1.44167,475,1.39235,475,1.39419,475,1.32374
474,0.67829,474,0.90265,474,1.19052,474,1.37539,474,1.43621,474,1.44095,474,1.39145,474,1.39354,474,1.32364
473,0.69277,473,0.91702,473,1.2011,473,1.38163,473,1.4391,473,1.44007,473,1.39245,473,1.39531,473,1.32378
472,0.70687,472,0.9316,472,1.21134,472,1.38785,472,1.44283,472,1.44045,472,1.39375,472,1.39646,472,1.32383
471,0.72043,471,0.94595,471,1.22077,471,1.394,471,1.44502,471,1.43968,471,1.39439,471,1.39631,471,1.32353
470,0.73513,470,0.96065,470,1.23062,470,1.39927,470,1.44665,470,1.43855,470,1.39427,470,1.3951,470,1.32304
469,0.74935,469,0.97479,469,1.23965,469,1.40421,469,1.44781,469,1.43813,469,1.39379,469,1.39548,469,1.32274
468,0.76298,468,0.98893,468,1.24857,468,1.40877,468,1.44916,468,1.43608,468,1.39304,468,1.39544,468,1.32165
467,0.77826,467,1.00345,467,1.25769,467,1.41362,467,1.45106,467,1.43633,467,1.39344,467,1.39531,467,1.32141
466,0.79282,466,1.01748,466,1.26612,466,1.41716,466,1.45149,466,1.43449,466,1.39172,466,1.39271,466,1.32052
465,0.80818,465,1.03171,465,1.27451,465,1.42106,465,1.45219,465,1.43276,465,1.39236,465,1.39368,465,1.31922
464,0.82314,464,1.04589,464,1.28278,464,1.42469,464,1.4534,464,1.43124,464,1.39108,464,1.39262,464,1.31855
463,0.83828,463,1.05976,463,1.29073,463,1.42796,463,1.45406,463,1.43022,463,1.39094,463,1.39418,463,1.31721
462,0.85393,462,1.07348,462,1.29778,462,1.43056,462,1.45402,462,1.42812,462,1.38939,462,1.39141,462,1.31557
461,0.86915,461,1.08645,461,1.30466,461,1.43278,461,1.45319,461,1.42644,461,1.38845,461,1.39046,461,1.31438
460,0.88435,460,1.09972,460,1.31148,460,1.43437,460,1.45284,460,1.42403,460,1.38706,460,1.39017,460,1.31259
459,0.89971,459,1.11268,459,1.3175,459,1.43567,459,1.45183,459,1.42192,459,1.38562,459,1.38789,459,1.31056
458,0.9151,458,1.1247,458,1.32312,458,1.43704,458,1.45044,458,1.41873,458,1.38393,458,1.38549,458,1.30842
457,0.92994,457,1.13706,457,1.3281,457,1.43765,457,1.4492,457,1.41572,457,1.38195,457,1.38293,457,1.30647
456,0.9455,456,1.14855,456,1.33322,456,1.43781,456,1.44721,456,1.41309,456,1.37886,456,1.38004,456,1.30395
455,0.96056,455,1.16017,455,1.3374,455,1.43756,455,1.44472,455,1.41112,455,1.37726,455,1.37883,455,1.30157
454,0.97556,454,1.17158,454,1.34125,454,1.43733,454,1.44252,454,1.40797,454,1.37531,454,1.37738,454,1.29917
453,0.99042,453,1.1813,453,1.34422,453,1.43604,453,1.44011,453,1.40435,453,1.37356,453,1.37556,453,1.29619
452,1.00411,452,1.18999,452,1.34678,452,1.43426,452,1.43706,452,1.4009,452,1.36925,452,1.37078,452,1.29336
451,1.01769,451,1.19894,451,1.34877,451,1.43179,451,1.43338,451,1.39612,451,1.3655,451,1.36775,451,1.29013
450,1.03091,450,1.20738,450,1.35016,450,1.42912,450,1.42924,450,1.3921,450,1.36155,450,1.36346,450,1.28699
449,1.0439,449,1.21455,449,1.35141,449,1.42675,449,1.42566,449,1.38779,449,1.35916,449,1.36142,449,1.28403
448,1.0566,448,1.22217,448,1.35195,448,1.42406,448,1.42196,448,1.38404,448,1.35629,448,1.35709,448,1.28104
447,1.06818,447,1.22863,447,1.3521,447,1.42047,447,1.41714,447,1.37979,447,1.35241,447,1.35347,447,1.27734
446,1.08016,446,1.23391,446,1.35191,446,1.41701,446,1.41295,446,1.37527,446,1.34814,446,1.35022,446,1.27413
445,1.09108,445,1.23903,445,1.35148,445,1.41306,445,1.409,445,1.37183,445,1.34449,445,1.34694,445,1.2705
444,1.10089,444,1.24333,444,1.35043,444,1.40918,444,1.40371,444,1.36706,444,1.34033,444,1.34275,444,1.26679
443,1.11088,443,1.24708,443,1.34919,443,1.40553,443,1.39921,443,1.36283,443,1.33674,443,1.34078,443,1.26383
442,1.12039,442,1.25136,442,1.34786,442,1.40137,442,1.39518,442,1.35856,442,1.33415,442,1.33754,442,1.26094
441,1.1285,441,1.25362,441,1.34559,441,1.39663,441,1.39009,441,1.35303,441,1.32901,441,1.33191,441,1.25745
440,1.13657,440,1.25601,440,1.34384,440,1.39306,440,1.38547,440,1.34948,440,1.32611,440,1.32806,440,1.25431
439,1.1444,439,1.25891,439,1.34209,439,1.38886,439,1.38126,439,1.34568,439,1.32193,439,1.32353,439,1.25143
438,1.15137,438,1.26042,438,1.34042,438,1.38515,438,1.37714,438,1.34186,438,1.31853,438,1.31941,438,1.24865
437,1.15829,437,1.26238,437,1.33878,437,1.38142,437,1.37352,437,1.33899,437,1.316,437,1.31671,437,1.24608
436,1.1648,436,1.26387,436,1.33677,436,1.37795,436,1.36997,436,1.33513,436,1.31316,436,1.31402,436,1.24323
435,1.17093,435,1.265,435,1.33532,435,1.37454,435,1.3658,435,1.3314,435,1.31001,435,1.31228,435,1.24099
434,1.17687,434,1.26673,434,1.33395,434,1.37184,434,1.36273,434,1.32841,434,1.30769,434,1.30942,434,1.2385
433,1.18269,433,1.26837,433,1.33259,433,1.36921,433,1.36036,433,1.32559,433,1.30603,433,1.30759,433,1.23671
432,1.18793,432,1.26992,432,1.33134,432,1.36658,432,1.35746,432,1.32354,432,1.30448,432,1.30571,432,1.23489
431,1.1932,431,1.27117,431,1.33026,431,1.36353,431,1.35516,431,1.32085,431,1.30121,431,1.30355,431,1.23293
430,1.19755,430,1.27222,430,1.32902,430,1.36206,430,1.35223,430,1.31774,430,1.29807,430,1.30095,430,1.23114
429,1.20272,429,1.27426,429,1.32873,429,1.35996,429,1.34999,429,1.31652,429,1.29711,429,1.29936,429,1.22959
428,1.20725,428,1.27568,428,1.32787,428,1.35814,428,1.34755,428,1.31306,428,1.29439,428,1.29647,428,1.22771
427,1.21182,427,1.27738,427,1.32762,427,1.35642,427,1.34608,427,1.31173,427,1.29295,427,1.29549,427,1.22657
426,1.21641,426,1.27907,426,1.32758,426,1.35529,426,1.3445,426,1.31031,426,1.29181,426,1.29333,426,1.22523
425,1.22045,425,1.28135,425,1.32766,425,1.35399,425,1.34209,425,1.3081,425,1.29013,425,1.29225,425,1.2239
424,1.22475,424,1.28352,424,1.32761,424,1.35268,424,1.34041,424,1.30693,424,1.2886,424,1.29055,424,1.22272
423,1.22966,423,1.28595,423,1.32817,423,1.35209,423,1.33939,423,1.3052,423,1.28749,423,1.28952,423,1.22132
422,1.23373,422,1.28807,422,1.32838,422,1.35133,422,1.33764,422,1.30327,422,1.28674,422,1.28828,422,1.22028
421,1.23786,421,1.29078,421,1.32911,421,1.35042,421,1.33666,421,1.30217,421,1.28466,421,1.28688,421,1.21913
420,1.24342,420,1.29359,420,1.32981,420,1.34991,420,1.33632,420,1.30117,420,1.28423,420,1.28609,420,1.21825
419,1.24753,419,1.29608,419,1.33031,419,1.34875,419,1.33473,419,1.29886,419,1.28125,419,1.2836,419,1.21711
418,1.25251,418,1.29868,418,1.3306,418,1.34805,418,1.33346,418,1.29734,418,1.27993,418,1.28141,418,1.21534
417,1.25702,417,1.302,417,1.33146,417,1.34757,417,1.33239,417,1.29624,417,1.27934,417,1.28187,417,1.21475
416,1.26148,416,1.30542,416,1.33233,416,1.34684,416,1.33075,416,1.29476,416,1.27755,416,1.27888,416,1.21327
415,1.2673,415,1.30808,415,1.33354,415,1.34697,415,1.33022,415,1.29354,415,1.27681,415,1.27891,415,1.21248
414,1.27247,414,1.31152,414,1.33405,414,1.34585,414,1.32871,414,1.29197,414,1.27627,414,1.27884,414,1.21138
413,1.27725,413,1.31503,413,1.33484,413,1.34483,413,1.32749,413,1.28927,413,1.27378,413,1.27606,413,1.2101
412,1.28236,412,1.3185,412,1.33571,412,1.34442,412,1.32598,412,1.28757,412,1.27321,412,1.2754,412,1.20866
411,1.28783,411,1.32196,411,1.33645,411,1.3441,411,1.32433,411,1.2871,411,1.27131,411,1.27494,411,1.2075
410,1.29287,410,1.32533,410,1.33717,410,1.34222,410,1.32237,410,1.28452,410,1.26958,410,1.27089,410,1.20597
409,1.29731,409,1.32787,409,1.33744,409,1.34162,409,1.32121,409,1.28249,409,1.26738,409,1.26985,409,1.20466
408,1.30275,408,1.33099,408,1.33823,408,1.34068,408,1.3197,408,1.28092,408,1.26702,408,1.26896,408,1.203
407,1.3076,407,1.33311,407,1.33777,407,1.33853,407,1.31704,407,1.27791,407,1.26333,407,1.26396,407,1.20084
406,1.31283,406,1.3363,406,1.33821,406,1.33697,406,1.31559,406,1.2762,406,1.26177,406,1.26318,406,1.19907
405,1.31841,405,1.3387,405,1.33743,405,1.33554,405,1.31313,405,1.27292,405,1.26034,405,1.26134,405,1.19707
404,1.32293,404,1.3412,404,1.33676,404,1.33382,404,1.3105,404,1.26958,404,1.2566,404,1.25935,404,1.19498
403,1.32758,403,1.34328,403,1.33676,403,1.33096,403,1.30799,403,1.26803,403,1.25388,403,1.25518,403,1.19275
402,1.33318,402,1.3458,402,1.33674,402,1.32889,402,1.30583,402,1.2658,402,1.25451,402,1.25572,402,1.19102
401,1.33688,401,1.3468,401,1.33542,401,1.32625,401,1.30243,401,1.26312,401,1.24998,401,1.25213,401,1.18834
400,1.34048,400,1.34926,400,1.33304,400,1.32273,400,1.29865,400,1.25972,400,1.24682,400,1.24859,400,1.18596
399,1.34397,399,1.34949,399,1.33185,399,1.32012,399,1.29484,399,1.2557,399,1.24298,399,1.24463,399,1.18313
398,1.34676,398,1.34984,398,1.32918,398,1.31597,398,1.29058,398,1.25062,398,1.23805,398,1.23982,398,1.18022
397,1.34973,397,1.3495,397,1.32664,397,1.31234,397,1.28637,397,1.2474,397,1.23452,397,1.23905,397,1.17741
396,1.35195,396,1.34906,396,1.32413,396,1.30813,396,1.28231,396,1.24337,396,1.23096,396,1.23424,396,1.17443
395,1.35373,395,1.34857,395,1.31992,395,1.30408,395,1.27794,395,1.23951,395,1.22847,395,1.23083,395,1.17168
394,1.35539,394,1.34692,394,1.31652,394,1.29897,394,1.27281,394,1.23467,394,1.22545,394,1.22605,394,1.16815
393,1.3561,393,1.34464,393,1.31268,393,1.29414,393,1.2682,393,1.23045,393,1.22167,393,1.22385,393,1.1647
392,1.35633,392,1.34159,392,1.30805,392,1.28822,392,1.26348,392,1.22465,392,1.2167,392,1.21742,392,1.16113
391,1.35512,391,1.33848,391,1.30269,391,1.28212,391,1.25655,391,1.21876,391,1.21137,391,1.21276,391,1.15709
390,1.35363,390,1.3347,390,1.29768,390,1.27541,390,1.25039,390,1.21468,390,1.20668,390,1.20818,390,1.15309
389,1.35162,389,1.33006,389,1.29119,389,1.26888,389,1.24512,389,1.20902,389,1.2005,389,1.20327,389,1.14921
388,1.34846,388,1.32415,388,1.2848,388,1.26205,388,1.23736,388,1.20235,388,1.19547,388,1.19749,388,1.14442
387,1.34482,387,1.31935,387,1.27838,387,1.25569,387,1.23132,387,1.19775,387,1.19137,387,1.19452,387,1.14057
386,1.34047,386,1.31265,386,1.2709,386,1.24808,386,1.22333,386,1.19059,386,1.18489,386,1.1873,386,1.13596
385,1.33446,385,1.30551,385,1.26282,385,1.23898,385,1.21479,385,1.182,385,1.17657,385,1.17689,385,1.13013
384,1.32939,384,1.29775,384,1.25505,384,1.23066,384,1.20816,384,1.17732,384,1.17262,384,1.17428,384,1.12559
383,1.32269,383,1.29036,383,1.2467,383,1.22333,383,1.20084,383,1.17047,383,1.1654,383,1.16702,383,1.12102
382,1.31576,382,1.28166,382,1.23811,382,1.21487,382,1.19244,382,1.1638,382,1.15952,382,1.16149,382,1.11642
381,1.30746,381,1.27263,381,1.22952,381,1.20611,381,1.18494,381,1.15685,381,1.15273,381,1.1554,381,1.11083
380,1.29914,380,1.2643,380,1.22104,380,1.19831,380,1.17749,380,1.15093,380,1.14734,380,1.15035,380,1.10603
379,1.29129,379,1.25491,379,1.21179,379,1.18963,379,1.16938,379,1.14349,379,1.14154,379,1.1438,379,1.10131
378,1.28136,378,1.24512,378,1.20271,378,1.17964,378,1.1614,378,1.13767,378,1.13451,378,1.13693,378,1.09668
377,1.27112,377,1.23476,377,1.19343,377,1.17151,377,1.15298,377,1.13122,377,1.12853,377,1.13239,377,1.09219
376,1.26141,376,1.22455,376,1.18426,376,1.16309,376,1.14505,376,1.12235,376,1.12201,376,1.12505,376,1.08672
375,1.25099,375,1.21443,375,1.17406,375,1.15389,375,1.1357,375,1.11606,375,1.11271,375,1.11807,375,1.08176
374,1.23993,374,1.20436,374,1.16526,374,1.14455,374,1.12813,374,1.1081,374,1.10788,374,1.1096,374,1.0765
373,1.22908,373,1.19367,373,1.15619,373,1.13675,373,1.11995,373,1.10159,373,1.10039,373,1.10393,373,1.07178
372,1.21859,372,1.18359,372,1.14715,372,1.12802,372,1.11225,372,1.09605,372,1.09436,372,1.09993,372,1.067
371,1.20724,371,1.17404,371,1.13827,371,1.1202,371,1.10591,371,1.09057,371,1.09053,371,1.09452,371,1.06299
370,1.19637,370,1.16313,370,1.12887,370,1.11237,370,1.09812,370,1.08272,370,1.08375,370,1.08938,370,1.05794
369,1.18449,369,1.15254,369,1.11984,369,1.1038,369,1.09003,369,1.07614,369,1.07677,369,1.08299,369,1.05285
368,1.17468,368,1.14243,368,1.11074,368,1.09595,368,1.08327,368,1.07131,368,1.07199,368,1.07695,368,1.04952
367,1.16317,367,1.13206,367,1.10141,367,1.08773,367,1.07733,367,1.06308,367,1.06529,367,1.06995,367,1.04444
366,1.15173,366,1.12179,366,1.09325,366,1.08019,366,1.06857,366,1.0586,366,1.06104,366,1.06347,366,1.04029
365,1.14129,365,1.1134,365,1.08494,365,1.07332,365,1.06304,365,1.05407,365,1.0572,365,1.06436,365,1.03618
364,1.12904,364,1.10249,364,1.0763,364,1.06481,364,1.05605,364,1.04695,364,1.04957,364,1.05595,364,1.03203
363,1.11841,363,1.0929,363,1.06818,363,1.05804,363,1.04871,363,1.04196,363,1.046,363,1.05118,363,1.02778
362,1.10788,362,1.08301,362,1.06033,362,1.05017,362,1.04124,362,1.03547,362,1.0383,362,1.04355,362,1.02407
361,1.09685,361,1.07405,361,1.05199,361,1.04397,361,1.03565,361,1.02954,361,1.03313,361,1.036,361,1.02039
360,1.08638,360,1.06491,360,1.0457,360,1.03771,360,1.03004,360,1.02698,360,1.02958,360,1.03457,360,1.01691
359,1.07653,359,1.05624,359,1.03805,359,1.03058,359,1.02452,359,1.01994,359,1.02587,359,1.03082,359,1.0136
358,1.06766,358,1.04824,358,1.03084,358,1.0262,358,1.02106,358,1.01634,358,1.02248,358,1.02669,358,1.01147
357,1.05813,357,1.04074,357,1.02592,357,1.01987,357,1.015,357,1.01363,357,1.01843,357,1.02259,357,1.00866
356,1.05053,356,1.03352,356,1.02003,356,1.01614,356,1.01144,356,1.01095,356,1.01369,356,1.01919,356,1.00626
355,1.04279,355,1.02827,355,1.01554,355,1.01213,355,1.00844,355,1.00808,355,1.01322,355,1.0202,355,1.00523
354,1.03503,354,1.02105,354,1.01144,354,1.00812,354,1.00373,354,1.00593,354,1.00731,354,1.01276,354,1.00272
353,1.02784,353,1.01559,353,1.00624,353,1.00484,353,1.00215,353,1.0042,353,1.00803,353,1.01281,353,1.00102
352,1.02303,352,1.00977,352,1.00299,352,1.00372,352,0.99908,352,1.00066,352,1.00739,352,1.01391,352,0.99972
351,1.0159,351,1.00808,351,0.99975,351,0.99891,351,0.99832,351,1.00031,351,1.00393,351,1.01138,351,1.00014
350,1.01185,350,1.00428,350,0.99892,350,0.99822,350,0.99584,350,0.99697,350,0.99877,350,1.00842,350,0.99919
349,1.00363,349,1.00246,349,0.99734,349,1,349,0.99829,349,0.99133,349,0.98978,349,0.99227,349,0.9974
348,1.0019,348,0.99801,348,0.99761,348,0.99607,348,0.99616,348,0.99773,348,0.99533,348,0.99755,348,0.9991
347,1.00025,347,0.99939,347,0.99668,347,0.99682,347,0.99494,347,0.99606,347,0.99355,347,0.99322,347,0.99802
346,0.99786,346,0.99873,346,0.99799,346,0.99856,346,0.99737,346,0.99565,346,0.99251,346,0.99533,346,0.99956
345,1,345,1,345,1,345,1,345,1.00001,345,0.99999,345,1.00004,345,0.99996,345,0.99999
344,0.9988,344,1.0021,344,1.00073,344,1.00291,344,1.00096,344,0.99658,344,0.99655,344,0.99782,344,1.00183
343,1.00164,343,1.0047,343,1.00454,343,1.00508,343,1.00482,343,1.00122,343,1.00078,343,1.00009,343,1.00415
342,1.00434,342,1.0073,342,1.00668,342,1.00906,342,1.00539,342,1.00453,342,1.00198,342,0.99792,342,1.00655
341,1.00765,341,1.01145,341,1.01091,341,1.01151,341,1.0091,341,1.00676,341,1.00477,341,1.00389,341,1.00836
340,1.01337,340,1.01694,340,1.01515,340,1.01505,340,1.01254,340,1.00905,340,1.00901,340,1.00893,340,1.00977
339,1.01706,339,1.02025,339,1.01923,339,1.01783,339,1.01494,339,1.01007,339,1.00713,339,1.00609,339,1.01036
338,1.02241,338,1.02445,338,1.02178,338,1.02122,338,1.01833,338,1.01195,338,1.00931,338,1.00892,338,1.01275
337,1.02786,337,1.02986,337,1.02545,337,1.02288,337,1.01907,337,1.01287,337,1.00946,337,1.00837,337,1.01372
336,1.03487,336,1.03541,336,1.0291,336,1.02696,336,1.02142,336,1.01628,336,1.0139,336,1.01351,336,1.01464
335,1.03897,335,1.03818,335,1.03106,335,1.02903,335,1.02244,335,1.01643,335,1.00995,335,1.00923,335,1.01451
334,1.04562,334,1.04305,334,1.03514,334,1.03051,334,1.0244,334,1.01668,334,1.01128,334,1.01153,334,1.01591
333,1.05158,333,1.04699,333,1.03784,333,1.03322,333,1.0266,333,1.01769,333,1.01448,333,1.01078,333,1.01648
332,1.05765,332,1.05131,332,1.04002,332,1.03413,332,1.02757,332,1.01715,332,1.01506,332,1.01389,332,1.0182
331,1.06396,331,1.05579,331,1.04308,331,1.03709,331,1.02962,331,1.01945,331,1.0127,331,1.01602,331,1.01884
330,1.07048,330,1.06051,330,1.04695,330,1.0396,330,1.03174,330,1.02262,330,1.01836,330,1.01764,330,1.01944
329,1.07507,329,1.0638,329,1.04871,329,1.04131,329,1.03283,329,1.02171,329,1.01401,329,1.01231,329,1.02043
328,1.0818,328,1.06843,328,1.05209,328,1.04399,328,1.03472,328,1.02352,328,1.01943,328,1.01638,328,1.02168
327,1.0906,327,1.07334,327,1.05518,327,1.04673,327,1.0373,327,1.02533,327,1.02109,327,1.01882,327,1.02265
326,1.09553,326,1.07696,326,1.05718,326,1.04738,326,1.03753,326,1.02383,326,1.02127,326,1.01901,326,1.02313
325,1.10225,325,1.0818,325,1.06082,325,1.0499,325,1.03917,325,1.02688,325,1.02334,325,1.02175,325,1.02405
324,1.10955,324,1.08591,324,1.06284,324,1.05072,324,1.04035,324,1.0267,324,1.0213,324,1.01921,324,1.02395
323,1.11656,323,1.09146,323,1.06663,323,1.05276,323,1.0421,323,1.02858,323,1.02298,323,1.02018,323,1.02456
322,1.12406,322,1.09537,322,1.06896,322,1.05427,322,1.04227,322,1.02784,322,1.02322,322,1.02217,322,1.02543
321,1.13253,321,1.10015,321,1.0717,321,1.05592,321,1.04427,321,1.02881,321,1.02122,321,1.02143,321,1.02547
320,1.14006,320,1.10433,320,1.07409,320,1.05819,320,1.04517,320,1.02901,320,1.02251,320,1.02187,320,1.02606
319,1.14838,319,1.1096,319,1.07713,319,1.05929,319,1.04653,319,1.03102,319,1.02426,319,1.02386,319,1.02616
318,1.15692,318,1.11384,318,1.0789,318,1.06125,318,1.04744,318,1.03091,318,1.02344,318,1.0226,318,1.02655
317,1.1661,317,1.119,317,1.08171,317,1.06324,317,1.04878,317,1.03186,317,1.02593,317,1.02338,317,1.02849
316,1.17606,316,1.12473,316,1.08521,316,1.06442,316,1.04891,316,1.03189,316,1.02587,316,1.02426,316,1.02871
315,1.18488,315,1.12896,315,1.08746,315,1.06601,315,1.05093,315,1.03242,315,1.02873,315,1.02693,315,1.02869
314,1.19405,314,1.13459,314,1.09039,314,1.06776,314,1.05261,314,1.03076,314,1.02546,314,1.02528,314,1.02941
313,1.20499,313,1.1398,313,1.09357,313,1.06946,313,1.05301,313,1.03265,313,1.02852,313,1.02582,313,1.03026
312,1.21514,312,1.14487,312,1.09721,312,1.07079,312,1.0549,312,1.0345,312,1.02799,312,1.0252,312,1.03145
311,1.22519,311,1.14967,311,1.10027,311,1.07347,311,1.05599,311,1.03499,311,1.02757,311,1.0267,311,1.03282
310,1.23594,310,1.15595,310,1.10327,310,1.07559,310,1.05714,310,1.0349,310,1.02818,310,1.0274,310,1.03333
309,1.24535,309,1.16225,309,1.10657,309,1.07751,309,1.05933,309,1.03735,309,1.03001,309,1.02771,309,1.03489
308,1.256,308,1.16752,308,1.10992,308,1.08026,308,1.062,308,1.03846,308,1.03158,308,1.02964,308,1.03583
307,1.26642,307,1.17361,307,1.11411,307,1.08133,307,1.06231,307,1.03895,307,1.03127,307,1.02962,307,1.03679
306,1.2766,306,1.17896,306,1.11646,306,1.08431,306,1.06396,306,1.04006,306,1.03208,306,1.02747,306,1.03769
305,1.28653,305,1.1855,305,1.12059,305,1.08699,305,1.06674,305,1.04225,305,1.03654,305,1.03323,305,1.0397
304,1.29718,304,1.19116,304,1.12353,304,1.08824,304,1.06712,304,1.04202,304,1.03209,304,1.03095,304,1.04122
303,1.30779,303,1.19668,303,1.12714,303,1.09167,303,1.07055,303,1.0448,303,1.03592,303,1.03318,303,1.04303
302,1.31805,302,1.20332,302,1.13142,302,1.09424,302,1.07321,302,1.04692,302,1.03942,302,1.0362,302,1.04442
301,1.32732,301,1.20892,301,1.13473,301,1.09661,301,1.07463,301,1.04643,301,1.03808,301,1.03481,301,1.04572
300,1.33707,300,1.21507,300,1.13832,300,1.09933,300,1.07689,300,1.04915,300,1.0408,300,1.03813,300,1.04771
299,1.34761,299,1.22063,299,1.14219,299,1.10173,299,1.07828,299,1.04943,299,1.04091,299,1.03954,299,1.04886
298,1.35744,298,1.2262,298,1.14553,298,1.10458,298,1.0793,298,1.05162,298,1.041,298,1.04053,298,1.05038
297,1.36677,297,1.23222,297,1.1499,297,1.10658,297,1.08213,297,1.05255,297,1.04286,297,1.04114,297,1.05234
296,1.37659,296,1.23787,296,1.15269,296,1.10853,296,1.08354,296,1.05287,296,1.04395,296,1.04058,296,1.05379
295,1.38541,295,1.24425,295,1.15724,295,1.11103,295,1.08594,295,1.05502,295,1.04605,295,1.04322,295,1.05575
294,1.39448,294,1.24954,294,1.1604,294,1.11333,294,1.0877,294,1.05605,294,1.04544,294,1.04446,294,1.05708
293,1.40405,293,1.25629,293,1.16386,293,1.11637,293,1.09059,293,1.0581,293,1.04883,293,1.04486,293,1.0591
292,1.41376,292,1.26112,292,1.16709,292,1.11791,292,1.09103,292,1.059,292,1.04802,292,1.04621,292,1.06068
291,1.42225,291,1.2674,291,1.17026,291,1.1199,291,1.09208,291,1.06024,291,1.04804,291,1.04326,291,1.06141
290,1.43201,290,1.27278,290,1.17441,290,1.12301,290,1.0946,290,1.06079,290,1.04978,290,1.04548,290,1.06318
289,1.44099,289,1.27871,289,1.17764,289,1.1254,289,1.09625,289,1.06216,289,1.05015,289,1.04697,289,1.06503
288,1.45134,288,1.28541,288,1.18183,288,1.12791,288,1.09839,288,1.06399,288,1.05205,288,1.04877,288,1.06706
287,1.46082,287,1.2914,287,1.18564,287,1.12981,287,1.10072,287,1.06506,287,1.05368,287,1.04828,287,1.06837
286,1.47023,286,1.29804,286,1.18964,286,1.13255,286,1.10157,286,1.06669,286,1.05433,286,1.05074,286,1.0698
285,1.48008,285,1.30471,285,1.19295,285,1.13499,285,1.10474,285,1.06751,285,1.05482,285,1.0504,285,1.07177
284,1.49065,284,1.3109,284,1.19748,284,1.13839,284,1.10694,284,1.06981,284,1.05667,284,1.05072,284,1.07344
283,1.50103,283,1.317,283,1.20059,283,1.1398,283,1.1087,283,1.06983,283,1.05561,283,1.05146,283,1.07437
282,1.51108,282,1.32378,282,1.20447,282,1.14174,282,1.1095,282,1.07128,282,1.05601,282,1.05134,282,1.07615
281,1.52256,281,1.33051,281,1.2085,281,1.14519,281,1.11228,281,1.07329,281,1.05684,281,1.05221,281,1.07705
280,1.53212,280,1.33572,280,1.21099,280,1.14543,280,1.11296,280,1.07268,280,1.05672,280,1.05177,280,1.07823
279,1.54143,279,1.3413,279,1.21367,279,1.14739,279,1.11285,279,1.07234,279,1.05646,279,1.05138,279,1.07862
278,1.55081,278,1.34624,278,1.21603,278,1.14764,278,1.11429,278,1.07197,278,1.0551,278,1.04778,278,1.07938
277,1.56094,277,1.35073,277,1.21805,277,1.14872,277,1.11375,277,1.07223,277,1.055,277,1.04824,277,1.07937
276,1.57003,276,1.35608,276,1.21942,276,1.1489,276,1.1137,276,1.07148,276,1.05239,276,1.04406,276,1.07945
275,1.57741,275,1.3596,275,1.22072,275,1.14828,275,1.11296,275,1.06894,275,1.04923,275,1.03967,275,1.07895
274,1.58594,274,1.36194,274,1.22042,274,1.14729,274,1.11141,274,1.06605,274,1.04407,274,1.03595,274,1.07788
273,1.59248,273,1.36414,273,1.22015,273,1.14555,273,1.10932,273,1.06296,273,1.03988,273,1.0306,273,1.07671
272,1.59884,272,1.36613,272,1.21999,272,1.14413,272,1.10754,272,1.06149,272,1.03702,272,1.02747,272,1.07587
271,1.60675,271,1.36735,271,1.2193,271,1.14305,271,1.10632,271,1.06004,271,1.03474,271,1.02375,271,1.07409
270,1.61216,270,1.36867,270,1.21779,270,1.13968,270,1.10283,270,1.05579,270,1.02919,270,1.01988,270,1.07281
269,1.61774,269,1.36938,269,1.21582,269,1.13695,269,1.10043,269,1.05332,269,1.02552,269,1.01433,269,1.07049
268,1.62405,268,1.36989,268,1.21414,268,1.1344,268,1.09711,268,1.04986,268,1.02142,268,1.01083,268,1.06925
267,1.62854,267,1.36933,267,1.21105,267,1.13094,267,1.09383,267,1.04485,267,1.01691,267,1.00724,267,1.06688
266,1.63346,266,1.36866,266,1.20891,266,1.1278,266,1.09043,266,1.0425,266,1.0134,266,1.00223,266,1.06519
265,1.63917,265,1.36822,265,1.20661,265,1.12472,265,1.08711,265,1.03967,265,1.01018,265,0.99835,265,1.06262
264,1.6439,264,1.36685,264,1.2035,264,1.12086,264,1.08284,264,1.03537,264,1.00509,264,0.9931,264,1.06105
263,1.64789,263,1.36544,263,1.19999,263,1.11642,263,1.07904,263,1.03071,263,0.99916,263,0.98691,263,1.05876
262,1.65316,262,1.36376,262,1.19683,262,1.11339,262,1.07621,262,1.02856,262,0.9975,262,0.98478,262,1.05664
261,1.65686,261,1.36203,261,1.19323,261,1.10862,261,1.07162,261,1.02367,261,0.99152,261,0.97959,261,1.05412
260,1.66053,260,1.35987,260,1.18952,260,1.10465,260,1.06791,260,1.02131,260,0.98972,260,0.97652,260,1.05194
259,1.66614,259,1.35793,259,1.18606,259,1.10151,259,1.06454,259,1.01956,259,0.98956,259,0.97791,259,1.05022
258,1.66993,258,1.35534,258,1.1817,258,1.09603,258,1.06049,258,1.01516,258,0.9862,258,0.97562,258,1.04742
257,1.67195,257,1.35162,257,1.17678,257,1.09112,257,1.05458,257,1.01058,257,0.98144,257,0.97051,257,1.04476
256,1.67595,256,1.34803,256,1.17158,256,1.08622,256,1.05019,256,1.00707,256,0.97946,256,0.96674,256,1.04189
255,1.67841,255,1.34385,255,1.16676,255,1.08087,255,1.04473,255,1.0031,255,0.97561,255,0.96395,255,1.0394
254,1.68074,254,1.33992,254,1.16193,254,1.0755,254,1.03996,254,0.99964,254,0.97303,254,0.96329,254,1.03635
253,1.68417,253,1.3355,253,1.15644,253,1.07031,253,1.03523,253,0.99648,253,0.97362,253,0.96225,253,1.0337
252,1.68706,252,1.33092,252,1.15052,252,1.06445,252,1.02985,252,0.99305,252,0.97118,252,0.96282,252,1.03019
251,1.68959,251,1.3263,251,1.14493,251,1.0582,251,1.02435,251,0.98882,251,0.96978,251,0.96094,251,1.02747
250,1.69285,250,1.32189,250,1.1391,250,1.05302,250,1.02046,250,0.98709,250,0.97087,250,0.96207,250,1.02461
