1-1.5k,,2-3k,,3-5k,,5-15k,,0.5-0.75k,,0.75-1k,,1k-2k,,15kS,
Wavelength (nm),Ext,Wavelength (nm),Ext,Wavelength (nm),Ext,Wavelength (nm),Ext,Wavelength (nm),Ext,Wavelength (nm),Ext,Wavelength (nm),Ext,Wavelength (nm),Ext
1100,0.03932,1100,0.00791,1100,0.00708,1100,0.0104,1100,0.2911,1100,0.12161,1100,0.01364,1100,0.00696
1099,0.03947,1099,0.00791,1099,0.00708,1099,0.01041,1099,0.29211,1099,0.12209,1099,0.01368,1099,0.00713
1098,0.04012,1098,0.00806,1098,0.00732,1098,0.01053,1098,0.29326,1098,0.12284,1098,0.01386,1098,0.00741
1097,0.04018,1097,0.00803,1097,0.00726,1097,0.01047,1097,0.29413,1097,0.12318,1097,0.01385,1097,0.00736
1096,0.04041,1096,0.00806,1096,0.00727,1096,0.01052,1096,0.29517,1096,0.12376,1096,0.01391,1096,0.00739
1095,0.04053,1095,0.00809,1095,0.00722,1095,0.01053,1095,0.29618,1095,0.12415,1095,0.01392,1095,0.00747
1094,0.04054,1094,0.00811,1094,0.00722,1094,0.01054,1094,0.29712,1094,0.12463,1094,0.01392,1094,0.00744
1093,0.04063,1093,0.00807,1093,0.00714,1093,0.01053,1093,0.29811,1093,0.12496,1093,0.01391,1093,0.00735
1092,0.04079,1092,0.00805,1092,0.00714,1092,0.01054,1092,0.29911,1092,0.12545,1092,0.01392,1092,0.00731
1091,0.04104,1091,0.00812,1091,0.00715,1091,0.01058,1091,0.30018,1091,0.12596,1091,0.01402,1091,0.00751
1090,0.04079,1090,0.00797,1090,0.00693,1090,0.01046,1090,0.301,1090,0.12613,1090,0.01381,1090,0.00725
1089,0.04112,1089,0.00805,1089,0.00708,1089,0.01056,1089,0.3021,1089,0.12676,1089,0.014,1089,0.00723
1088,0.04148,1088,0.00813,1088,0.00721,1088,0.01061,1088,0.30318,1088,0.12743,1088,0.01418,1088,0.00728
1087,0.04171,1087,0.00818,1087,0.0072,1087,0.01068,1087,0.30433,1087,0.12801,1087,0.01425,1087,0.00756
1086,0.04222,1086,0.0083,1086,0.00741,1086,0.0108,1086,0.30554,1086,0.12883,1086,0.01452,1086,0.00813
1085,0.04223,1085,0.00833,1085,0.00734,1085,0.01077,1085,0.30648,1085,0.1292,1085,0.01449,1085,0.00813
1084,0.04197,1084,0.0082,1084,0.00716,1084,0.01066,1084,0.30731,1084,0.12929,1084,0.01426,1084,0.00771
1083,0.04244,1083,0.00829,1083,0.0074,1083,0.01073,1083,0.30852,1083,0.13009,1083,0.01443,1083,0.00783
1082,0.04229,1082,0.00822,1082,0.00718,1082,0.01068,1082,0.30942,1082,0.13033,1082,0.01425,1082,0.00759
1081,0.04238,1081,0.00822,1081,0.00717,1081,0.01069,1081,0.31044,1081,0.13082,1081,0.01429,1081,0.00759
1080,0.04277,1080,0.00828,1080,0.00727,1080,0.01074,1080,0.31163,1080,0.13154,1080,0.01447,1080,0.00774
1079,0.04295,1079,0.00836,1079,0.00736,1079,0.0108,1079,0.31272,1079,0.132,1079,0.01457,1079,0.00762
1078,0.04324,1078,0.00846,1078,0.00735,1078,0.01085,1078,0.31385,1078,0.1327,1078,0.01463,1078,0.00779
1077,0.04324,1077,0.00837,1077,0.00735,1077,0.0108,1077,0.31484,1077,0.1331,1077,0.0146,1077,0.00789
1076,0.04344,1076,0.00835,1076,0.00734,1076,0.01084,1076,0.31592,1076,0.13359,1076,0.01467,1076,0.00782
1075,0.04367,1075,0.00854,1075,0.00742,1075,0.01089,1075,0.31703,1075,0.13421,1075,0.01482,1075,0.00795
1074,0.0439,1074,0.00851,1074,0.00742,1074,0.01092,1074,0.31817,1074,0.13485,1074,0.01483,1074,0.00805
1073,0.04408,1073,0.0084,1073,0.0075,1073,0.01097,1073,0.31931,1073,0.13538,1073,0.01497,1073,0.00851
1072,0.04422,1072,0.00865,1072,0.00748,1072,0.011,1072,0.32041,1072,0.13603,1072,0.01499,1072,0.00836
1071,0.04458,1071,0.00872,1071,0.00758,1071,0.01105,1071,0.32161,1071,0.13673,1071,0.01507,1071,0.00851
1070,0.04455,1070,0.0087,1070,0.0075,1070,0.01106,1070,0.32268,1070,0.13708,1070,0.01508,1070,0.00854
1069,0.04488,1069,0.00874,1069,0.0075,1069,0.01109,1069,0.32375,1069,0.13775,1069,0.01515,1069,0.00844
1068,0.04498,1068,0.00871,1068,0.00756,1068,0.0111,1068,0.32494,1068,0.13829,1068,0.01517,1068,0.00854
1067,0.04511,1067,0.00869,1067,0.00749,1067,0.01106,1067,0.32599,1067,0.13864,1067,0.01515,1067,0.00862
1066,0.04554,1066,0.00876,1066,0.00777,1066,0.01116,1066,0.32718,1066,0.13949,1066,0.01531,1066,0.0086
1065,0.04568,1065,0.00881,1065,0.00762,1065,0.01118,1065,0.32832,1065,0.14002,1065,0.01541,1065,0.00861
1064,0.04567,1064,0.00872,1064,0.00756,1064,0.01113,1064,0.32938,1064,0.14042,1064,0.01529,1064,0.00849
1063,0.04582,1063,0.00869,1063,0.00756,1063,0.01112,1063,0.33049,1063,0.14086,1063,0.01533,1063,0.0085
1062,0.04632,1062,0.00889,1062,0.00778,1062,0.01125,1062,0.33182,1062,0.14184,1062,0.01562,1062,0.00886
1061,0.04666,1061,0.00895,1061,0.00789,1061,0.01132,1061,0.33303,1061,0.14254,1061,0.01575,1061,0.00905
1060,0.04694,1060,0.009,1060,0.00786,1060,0.01134,1060,0.3342,1060,0.14312,1060,0.01588,1060,0.00909
1059,0.04607,1059,0.00859,1059,0.00723,1059,0.01107,1059,0.33475,1059,0.14277,1059,0.01523,1059,0.00822
1058,0.04648,1058,0.00874,1058,0.00742,1058,0.01122,1058,0.33612,1058,0.14371,1058,0.01547,1058,0.00853
1057,0.04703,1057,0.00878,1057,0.00754,1057,0.01119,1057,0.3373,1057,0.1443,1057,0.01546,1057,0.00862
1056,0.04771,1056,0.00886,1056,0.00761,1056,0.01123,1056,0.33847,1056,0.14493,1056,0.01562,1056,0.00875
1055,0.04768,1055,0.00895,1055,0.00766,1055,0.0113,1055,0.33976,1055,0.14573,1055,0.01589,1055,0.0088
1054,0.04786,1054,0.00901,1054,0.0077,1054,0.01135,1054,0.34102,1054,0.14646,1054,0.01604,1054,0.00876
1053,0.04789,1053,0.00909,1053,0.00787,1053,0.01138,1053,0.34216,1053,0.14697,1053,0.016,1053,0.00901
1052,0.04797,1052,0.00906,1052,0.00784,1052,0.01137,1052,0.34338,1052,0.14758,1052,0.01605,1052,0.00899
1051,0.04817,1051,0.00906,1051,0.00779,1051,0.01141,1051,0.34456,1051,0.14818,1051,0.01611,1051,0.00906
1050,0.04846,1050,0.00917,1050,0.00791,1050,0.01148,1050,0.34576,1050,0.14884,1050,0.0162,1050,0.00885
1049,0.04874,1049,0.00911,1049,0.00789,1049,0.01147,1049,0.347,1049,0.14958,1049,0.01623,1049,0.00929
1048,0.04892,1048,0.00908,1048,0.00779,1048,0.01151,1048,0.34818,1048,0.15009,1048,0.01627,1048,0.00915
1047,0.04909,1047,0.00918,1047,0.00795,1047,0.01154,1047,0.34943,1047,0.15075,1047,0.01638,1047,0.0093
1046,0.04939,1046,0.00914,1046,0.00788,1046,0.01155,1046,0.35069,1046,0.15146,1046,0.01644,1046,0.00935
1045,0.04958,1045,0.00932,1045,0.00781,1045,0.01158,1045,0.3519,1045,0.15202,1045,0.01653,1045,0.00942
1044,0.04978,1044,0.00932,1044,0.00811,1044,0.01159,1044,0.35308,1044,0.15268,1044,0.01656,1044,0.0094
1043,0.04982,1043,0.00933,1043,0.00799,1043,0.01157,1043,0.35424,1043,0.1532,1043,0.01654,1043,0.00945
1042,0.05006,1042,0.00937,1042,0.00806,1042,0.01162,1042,0.35549,1042,0.15384,1042,0.01663,1042,0.00948
1041,0.05034,1041,0.00944,1041,0.00799,1041,0.01166,1041,0.3568,1041,0.15465,1041,0.01671,1041,0.00937
1040,0.05057,1040,0.00945,1040,0.00818,1040,0.01168,1040,0.35808,1040,0.15531,1040,0.01681,1040,0.00954
1039,0.05078,1039,0.00948,1039,0.00813,1039,0.01172,1039,0.35937,1039,0.15605,1039,0.01685,1039,0.00955
1038,0.05111,1038,0.00948,1038,0.00811,1038,0.01175,1038,0.36067,1038,0.15672,1038,0.01696,1038,0.0095
1037,0.05128,1037,0.00948,1037,0.00811,1037,0.01176,1037,0.3619,1037,0.15726,1037,0.01698,1037,0.00954
1036,0.05144,1036,0.00945,1036,0.00807,1036,0.01175,1036,0.36311,1036,0.15793,1036,0.01705,1036,0.00951
1035,0.05166,1035,0.00941,1035,0.00808,1035,0.01176,1035,0.36442,1035,0.15862,1035,0.01702,1035,0.00947
1034,0.05187,1034,0.00939,1034,0.00812,1034,0.01182,1034,0.36566,1034,0.15925,1034,0.01713,1034,0.00958
1033,0.05215,1033,0.00925,1033,0.00811,1033,0.01186,1033,0.36703,1033,0.16003,1033,0.01725,1033,0.00966
1032,0.05228,1032,0.00942,1032,0.00812,1032,0.01186,1032,0.36829,1032,0.16063,1032,0.01729,1032,0.0097
1031,0.05252,1031,0.00996,1031,0.00817,1031,0.01189,1031,0.36946,1031,0.16132,1031,0.01734,1031,0.01002
1030,0.05289,1030,0.00993,1030,0.00828,1030,0.01193,1030,0.37093,1030,0.16217,1030,0.0175,1030,0.01015
1029,0.05304,1029,0.00979,1029,0.00823,1029,0.01192,1029,0.37212,1029,0.16278,1029,0.0175,1029,0.00997
1028,0.05317,1028,0.00966,1028,0.00814,1028,0.01189,1028,0.37341,1028,0.16328,1028,0.01748,1028,0.00978
1027,0.05341,1027,0.00968,1027,0.00823,1027,0.01192,1027,0.37475,1027,0.16403,1027,0.01759,1027,0.00987
1026,0.05357,1026,0.00983,1026,0.00814,1026,0.01194,1026,0.3761,1026,0.16479,1026,0.01765,1026,0.0099
1025,0.05378,1025,0.00991,1025,0.00819,1025,0.01198,1025,0.37743,1025,0.16549,1025,0.01765,1025,0.01
1024,0.05401,1024,0.00992,1024,0.00836,1024,0.01202,1024,0.37881,1024,0.16626,1024,0.01771,1024,0.01005
1023,0.05439,1023,0.00998,1023,0.00832,1023,0.01204,1023,0.38016,1023,0.167,1023,0.01781,1023,0.00996
1022,0.05473,1022,0.01001,1022,0.00847,1022,0.01214,1022,0.38157,1022,0.16785,1022,0.01798,1022,0.00997
1021,0.05502,1021,0.01002,1021,0.00845,1021,0.01213,1021,0.38295,1021,0.16865,1021,0.01808,1021,0.01016
1020,0.05514,1020,0.00991,1020,0.00842,1020,0.01215,1020,0.38426,1020,0.16938,1020,0.01811,1020,0.01048
1019,0.05536,1019,0.00954,1019,0.00841,1019,0.01217,1019,0.38561,1019,0.17004,1019,0.01814,1019,0.01045
1018,0.05575,1018,0.00989,1018,0.00848,1018,0.01223,1018,0.38701,1018,0.17091,1018,0.0183,1018,0.01054
1017,0.05605,1017,0.01006,1017,0.00856,1017,0.01225,1017,0.38844,1017,0.17167,1017,0.01834,1017,0.01056
1016,0.05628,1016,0.01016,1016,0.00854,1016,0.01224,1016,0.38983,1016,0.17237,1016,0.01843,1016,0.01051
1015,0.05652,1015,0.0102,1015,0.00853,1015,0.01228,1015,0.39114,1015,0.17315,1015,0.01854,1015,0.0105
1014,0.05682,1014,0.01024,1014,0.00858,1014,0.01231,1014,0.3926,1014,0.17395,1014,0.01857,1014,0.01057
1013,0.05709,1013,0.0103,1013,0.00863,1013,0.01235,1013,0.39399,1013,0.17474,1013,0.01867,1013,0.01061
1012,0.05734,1012,0.0105,1012,0.00863,1012,0.01237,1012,0.39538,1012,0.17551,1012,0.01877,1012,0.01066
1011,0.05732,1011,0.0106,1011,0.0087,1011,0.01238,1011,0.39684,1011,0.1763,1011,0.01883,1011,0.01071
1010,0.05758,1010,0.01053,1010,0.00867,1010,0.01238,1010,0.39819,1010,0.17697,1010,0.01885,1010,0.01067
1009,0.05781,1009,0.01054,1009,0.00866,1009,0.01242,1009,0.3996,1009,0.17782,1009,0.0191,1009,0.0107
1008,0.05816,1008,0.01051,1008,0.0087,1008,0.01246,1008,0.40107,1008,0.17862,1008,0.01899,1008,0.01079
1007,0.0586,1007,0.01054,1007,0.00873,1007,0.0125,1007,0.40257,1007,0.17948,1007,0.0191,1007,0.0109
1006,0.059,1006,0.01061,1006,0.00876,1006,0.01255,1006,0.40398,1006,0.18032,1006,0.01901,1006,0.01108
1005,0.05931,1005,0.01064,1005,0.00887,1005,0.01256,1005,0.40551,1005,0.18114,1005,0.01899,1005,0.01103
1004,0.05965,1004,0.01068,1004,0.00894,1004,0.0126,1004,0.40689,1004,0.18194,1004,0.01933,1004,0.01108
1003,0.05993,1003,0.0107,1003,0.00897,1003,0.0126,1003,0.40835,1003,0.18269,1003,0.01972,1003,0.01109
1002,0.0603,1002,0.01074,1002,0.00896,1002,0.01266,1002,0.40984,1002,0.18354,1002,0.01983,1002,0.01119
1001,0.06067,1001,0.01078,1001,0.00898,1001,0.01269,1001,0.41133,1001,0.18445,1001,0.01995,1001,0.01127
1000,0.0609,1000,0.01087,1000,0.00895,1000,0.01271,1000,0.41282,1000,0.18522,1000,0.01994,1000,0.0113
999,0.06124,999,0.01091,999,0.00894,999,0.01275,999,0.41434,999,0.18613,999,0.02007,999,0.01139
998,0.06162,998,0.01096,998,0.0092,998,0.01277,998,0.41581,998,0.18696,998,0.02017,998,0.01138
997,0.06181,997,0.0109,997,0.00923,997,0.01279,997,0.41733,997,0.18781,997,0.02021,997,0.01138
996,0.06203,996,0.01094,996,0.00922,996,0.01281,996,0.41881,996,0.18866,996,0.0201,996,0.01147
995,0.06242,995,0.01106,995,0.00919,995,0.01287,995,0.4204,995,0.18963,995,0.02033,995,0.0115
994,0.06282,994,0.01108,994,0.00938,994,0.01294,994,0.42203,994,0.19056,994,0.02049,994,0.01155
993,0.0632,993,0.01121,993,0.00937,993,0.01296,993,0.42354,993,0.19147,993,0.02039,993,0.01165
992,0.06355,992,0.01112,992,0.00938,992,0.01298,992,0.42512,992,0.19238,992,0.02058,992,0.01176
991,0.06382,991,0.01114,991,0.00942,991,0.013,991,0.42665,991,0.19328,991,0.02113,991,0.01169
990,0.06419,990,0.01139,990,0.00949,990,0.01305,990,0.42816,990,0.19413,990,0.02104,990,0.01181
989,0.06452,989,0.0114,989,0.00947,989,0.01308,989,0.42978,989,0.1951,989,0.02119,989,0.01192
988,0.06484,988,0.01172,988,0.00955,988,0.01312,988,0.43134,988,0.19601,988,0.02124,988,0.01208
987,0.06529,987,0.01172,987,0.00965,987,0.0132,987,0.43295,987,0.19708,987,0.02103,987,0.01212
986,0.06559,986,0.01167,986,0.0096,986,0.01321,986,0.43459,986,0.19798,986,0.02115,986,0.01225
985,0.06594,985,0.01168,985,0.00964,985,0.01326,985,0.43618,985,0.19897,985,0.02143,985,0.01216
984,0.06632,984,0.01169,984,0.00966,984,0.01328,984,0.43776,984,0.19985,984,0.02167,984,0.01225
983,0.06673,983,0.01173,983,0.00979,983,0.01333,983,0.43939,983,0.20089,983,0.02171,983,0.01232
982,0.06703,982,0.01171,982,0.00979,982,0.01334,982,0.44093,982,0.20173,982,0.02184,982,0.01238
981,0.06732,981,0.01175,981,0.00977,981,0.01337,981,0.44256,981,0.2027,981,0.02199,981,0.01232
980,0.06768,980,0.01186,980,0.00991,980,0.0134,980,0.44419,980,0.2037,980,0.0221,980,0.0125
979,0.06809,979,0.01198,979,0.00993,979,0.01343,979,0.44581,979,0.20464,979,0.02243,979,0.01253
978,0.06836,978,0.01205,978,0.00996,978,0.01349,978,0.4475,978,0.20576,978,0.02259,978,0.01257
977,0.06877,977,0.01203,977,0.01,977,0.01353,977,0.44914,977,0.2067,977,0.02275,977,0.01263
976,0.0692,976,0.01211,976,0.01009,976,0.01358,976,0.45089,976,0.20782,976,0.02261,976,0.01273
975,0.06956,975,0.01215,975,0.0101,975,0.01361,975,0.45251,975,0.20872,975,0.02268,975,0.01268
974,0.06992,974,0.0122,974,0.01018,974,0.01366,974,0.45413,974,0.20977,974,0.02286,974,0.013
973,0.07024,973,0.01226,973,0.0102,973,0.01367,973,0.45581,973,0.2108,973,0.02299,973,0.0129
972,0.07054,972,0.0123,972,0.0102,972,0.01369,972,0.45745,972,0.21167,972,0.023,972,0.01274
971,0.07174,971,0.01241,971,0.01031,971,0.01375,971,0.45915,971,0.21284,971,0.02335,971,0.01317
970,0.07214,970,0.01242,970,0.01032,970,0.01378,970,0.46095,970,0.21394,970,0.02344,970,0.01312
969,0.07227,969,0.0125,969,0.01045,969,0.01388,969,0.46265,969,0.21501,969,0.02355,969,0.01337
968,0.07234,968,0.01253,968,0.01044,968,0.0139,968,0.46427,968,0.21601,968,0.02359,968,0.01334
967,0.07262,967,0.01264,967,0.01045,967,0.01392,967,0.46596,967,0.21703,967,0.02353,967,0.0133
966,0.07309,966,0.01266,966,0.01052,966,0.01394,966,0.4677,966,0.21807,966,0.02372,966,0.01324
965,0.07329,965,0.01269,965,0.01049,965,0.01396,965,0.46937,965,0.21905,965,0.02383,965,0.0134
964,0.07368,964,0.01275,964,0.01054,964,0.014,964,0.47106,964,0.2202,964,0.02396,964,0.0135
963,0.07402,963,0.01279,963,0.01053,963,0.01403,963,0.47281,963,0.22116,963,0.02404,963,0.01357
962,0.07442,962,0.01283,962,0.01058,962,0.01405,962,0.47453,962,0.2222,962,0.02431,962,0.01364
961,0.07478,961,0.01288,961,0.01058,961,0.01409,961,0.47618,961,0.2233,961,0.02428,961,0.01359
960,0.07529,960,0.01291,960,0.0107,960,0.01415,960,0.47793,960,0.2244,960,0.02449,960,0.0139
959,0.07558,959,0.01283,959,0.01062,959,0.01412,959,0.47964,959,0.22534,959,0.02445,959,0.01398
958,0.07583,958,0.01287,958,0.01059,958,0.01418,958,0.48132,958,0.22641,958,0.02456,958,0.01391
957,0.07605,957,0.01292,957,0.01057,957,0.01418,957,0.48308,957,0.22742,957,0.02467,957,0.01375
956,0.07654,956,0.01303,956,0.01064,956,0.01424,956,0.48489,956,0.22856,956,0.02493,956,0.01379
955,0.07677,955,0.01308,955,0.01066,955,0.01423,955,0.48654,955,0.2296,955,0.02491,955,0.01381
954,0.07716,954,0.01308,954,0.0107,954,0.01429,954,0.48835,954,0.23068,954,0.02496,954,0.01385
953,0.07746,953,0.01308,953,0.01062,953,0.01428,953,0.49008,953,0.23174,953,0.02482,953,0.01391
952,0.07783,952,0.01307,952,0.01061,952,0.01428,952,0.49176,952,0.23279,952,0.02495,952,0.01397
951,0.07826,951,0.0131,951,0.0106,951,0.0143,951,0.49362,951,0.23394,951,0.02509,951,0.01398
950,0.07854,950,0.01311,950,0.01063,950,0.01432,950,0.49536,950,0.23498,950,0.02519,950,0.01395
949,0.07888,949,0.01321,949,0.01065,949,0.01436,949,0.4971,949,0.23609,949,0.02531,949,0.014
948,0.07908,948,0.01324,948,0.01073,948,0.01437,948,0.49893,948,0.23721,948,0.02551,948,0.01405
947,0.07943,947,0.01341,947,0.01072,947,0.01441,947,0.5007,947,0.23833,947,0.02559,947,0.01401
946,0.07988,946,0.01349,946,0.01068,946,0.01444,946,0.50252,946,0.2395,946,0.02571,946,0.0141
945,0.07996,945,0.01358,945,0.01075,945,0.01446,945,0.50438,945,0.24064,945,0.02572,945,0.01412
944,0.0802,944,0.01352,944,0.01072,944,0.01445,944,0.50607,944,0.24162,944,0.02578,944,0.01401
943,0.08061,943,0.01341,943,0.0108,943,0.01452,943,0.50797,943,0.24287,943,0.02586,943,0.01423
942,0.08122,942,0.01351,942,0.01074,942,0.01456,942,0.50982,942,0.24415,942,0.02617,942,0.01429
941,0.08178,941,0.01358,941,0.01079,941,0.01461,941,0.51168,941,0.24533,941,0.02618,941,0.01442
940,0.08234,940,0.01356,940,0.01084,940,0.01463,940,0.51355,940,0.24648,940,0.02629,940,0.01448
939,0.08265,939,0.01358,939,0.0109,939,0.01466,939,0.51538,939,0.24767,939,0.02632,939,0.01444
938,0.08303,938,0.01371,938,0.01084,938,0.0147,938,0.51723,938,0.24892,938,0.02646,938,0.01456
937,0.08337,937,0.01376,937,0.01094,937,0.01469,937,0.51913,937,0.25004,937,0.02657,937,0.01451
936,0.08383,936,0.01384,936,0.011,936,0.01475,936,0.52101,936,0.25128,936,0.02667,936,0.01454
935,0.08435,935,0.01384,935,0.0109,935,0.01476,935,0.52294,935,0.25255,935,0.02678,935,0.01455
934,0.08476,934,0.01411,934,0.01097,934,0.01485,934,0.52489,934,0.25395,934,0.02697,934,0.01474
933,0.08514,933,0.01412,933,0.01108,933,0.01487,933,0.52673,933,0.2551,933,0.02705,933,0.01476
932,0.08566,932,0.01412,932,0.01111,932,0.01495,932,0.52873,932,0.25645,932,0.02721,932,0.01492
931,0.0861,931,0.01412,931,0.01112,931,0.01495,931,0.53067,931,0.25767,931,0.02729,931,0.01492
930,0.08648,930,0.01424,930,0.01122,930,0.01499,930,0.53254,930,0.25897,930,0.02746,930,0.01498
929,0.08702,929,0.01422,929,0.01139,929,0.01506,929,0.53453,929,0.26037,929,0.02759,929,0.01508
928,0.08744,928,0.01431,928,0.01136,928,0.01507,928,0.53651,928,0.26164,928,0.02773,928,0.01508
927,0.0878,927,0.01429,927,0.01121,927,0.01508,927,0.53827,927,0.26277,927,0.02777,927,0.01506
926,0.08827,926,0.01439,926,0.01129,926,0.01512,926,0.54032,926,0.26411,926,0.02795,926,0.0152
925,0.08874,925,0.0144,925,0.0113,925,0.01519,925,0.54225,925,0.26553,925,0.02805,925,0.0153
924,0.08905,924,0.01451,924,0.01134,924,0.01519,924,0.54418,924,0.26673,924,0.02817,924,0.01518
923,0.08952,923,0.01455,923,0.01138,923,0.01525,923,0.54617,923,0.2681,923,0.02833,923,0.01537
922,0.09006,922,0.01465,922,0.01142,922,0.01531,922,0.54816,922,0.2695,922,0.02846,922,0.01551
921,0.09053,921,0.01464,921,0.01146,921,0.01533,921,0.55013,921,0.27075,921,0.02856,921,0.01544
920,0.09101,920,0.01486,920,0.01149,920,0.01537,920,0.55212,920,0.27217,920,0.02871,920,0.01555
919,0.09148,919,0.01488,919,0.01148,919,0.01539,919,0.55408,919,0.27345,919,0.02884,919,0.01555
918,0.09196,918,0.01496,918,0.0115,918,0.01544,918,0.55612,918,0.27482,918,0.02898,918,0.01562
917,0.09242,917,0.01498,917,0.01156,917,0.01548,917,0.55809,917,0.27616,917,0.02913,917,0.01567
916,0.09308,916,0.01502,916,0.01161,916,0.01554,916,0.56017,916,0.27767,916,0.0293,916,0.01583
915,0.09345,915,0.01509,915,0.01164,915,0.01556,915,0.56215,915,0.27903,915,0.02939,915,0.01584
914,0.09392,914,0.01506,914,0.01175,914,0.0156,914,0.56416,914,0.28043,914,0.02953,914,0.01601
913,0.09452,913,0.01518,913,0.01175,913,0.01565,913,0.56635,913,0.28198,913,0.0297,913,0.01608
912,0.09497,912,0.01523,912,0.01176,912,0.0157,912,0.56841,912,0.2833,912,0.02985,912,0.01605
911,0.09567,911,0.0153,911,0.01173,911,0.01575,911,0.57047,911,0.28479,911,0.02996,911,0.01616
910,0.09603,910,0.01536,910,0.01186,910,0.0158,910,0.5726,910,0.28634,910,0.03019,910,0.01623
909,0.09648,909,0.01542,909,0.01183,909,0.01583,909,0.57466,909,0.28772,909,0.0303,909,0.01628
908,0.09714,908,0.01546,908,0.01185,908,0.01585,908,0.57671,908,0.28916,908,0.03043,908,0.01632
907,0.09783,907,0.01554,907,0.0119,907,0.01591,907,0.57894,907,0.29076,907,0.03059,907,0.01639
906,0.09807,906,0.01549,906,0.01198,906,0.01596,906,0.58102,906,0.29222,906,0.03081,906,0.01644
905,0.09866,905,0.01556,905,0.01204,905,0.01605,905,0.58317,905,0.2938,905,0.03099,905,0.01658
904,0.09929,904,0.0156,904,0.01208,904,0.01608,904,0.58536,904,0.29529,904,0.03111,904,0.01665
903,0.09987,903,0.01578,903,0.01208,903,0.01611,903,0.58742,903,0.29681,903,0.03126,903,0.01676
902,0.10051,902,0.01589,902,0.01214,902,0.01619,902,0.58962,902,0.29838,902,0.03133,902,0.01676
901,0.10094,901,0.01598,901,0.0122,901,0.01623,901,0.5918,901,0.29993,901,0.03149,901,0.01684
900,0.10148,900,0.01618,900,0.01221,900,0.01625,900,0.59389,900,0.30146,900,0.03162,900,0.01684
899,0.10213,899,0.01633,899,0.01228,899,0.01632,899,0.59608,899,0.30308,899,0.03183,899,0.01703
898,0.10263,898,0.0165,898,0.01219,898,0.01631,898,0.59815,898,0.30451,898,0.03204,898,0.01694
897,0.1033,897,0.01635,897,0.0122,897,0.01632,897,0.60026,897,0.30599,897,0.03179,897,0.01698
896,0.10497,896,0.01635,896,0.01239,896,0.01648,896,0.60262,896,0.30786,896,0.0322,896,0.01732
895,0.10482,895,0.01599,895,0.01248,895,0.01651,895,0.6048,895,0.30948,895,0.03249,895,0.01734
894,0.10517,894,0.01644,894,0.01248,894,0.01657,894,0.60706,894,0.3111,894,0.03269,894,0.01742
893,0.10573,893,0.01684,893,0.01253,893,0.01663,893,0.6093,893,0.31279,893,0.03306,893,0.01754
892,0.1063,892,0.01696,892,0.01257,892,0.01666,892,0.61146,892,0.31433,892,0.03352,892,0.0176
891,0.10688,891,0.01693,891,0.01262,891,0.01671,891,0.61376,891,0.31609,891,0.03356,891,0.01775
890,0.10757,890,0.01693,890,0.01272,890,0.01677,890,0.616,890,0.31784,890,0.03374,890,0.01775
889,0.10828,889,0.01702,889,0.01287,889,0.01685,889,0.61823,889,0.31948,889,0.03388,889,0.01789
888,0.109,888,0.01714,888,0.01297,888,0.01694,888,0.62064,888,0.32135,888,0.03406,888,0.01808
887,0.10954,887,0.01713,887,0.01293,887,0.01697,887,0.62285,887,0.32299,887,0.0342,887,0.01804
886,0.1101,886,0.01717,886,0.01291,886,0.017,886,0.62502,886,0.32463,886,0.03427,886,0.01812
885,0.11071,885,0.01726,885,0.01294,885,0.01706,885,0.62736,885,0.32635,885,0.03444,885,0.01822
884,0.11139,884,0.01735,884,0.01302,884,0.0171,884,0.62963,884,0.32811,884,0.03466,884,0.01834
883,0.11201,883,0.01743,883,0.01305,883,0.01717,883,0.63187,883,0.32984,883,0.03486,883,0.01842
882,0.11255,882,0.01747,882,0.01306,882,0.01722,882,0.63419,882,0.33162,882,0.03498,882,0.01851
881,0.11329,881,0.01756,881,0.01312,881,0.01726,881,0.63643,881,0.3334,881,0.03521,881,0.01855
880,0.11397,880,0.01766,880,0.0132,880,0.01731,880,0.63878,880,0.3352,880,0.03538,880,0.01864
879,0.11466,879,0.01776,879,0.01325,879,0.01738,879,0.6411,879,0.33704,879,0.03555,879,0.01874
878,0.1153,878,0.01782,878,0.01328,878,0.01743,878,0.64335,878,0.33876,878,0.03574,878,0.01878
877,0.11604,877,0.01795,877,0.01336,877,0.01751,877,0.64575,877,0.34068,877,0.03599,877,0.01893
876,0.11656,876,0.01797,876,0.01334,876,0.01751,876,0.64796,876,0.34238,876,0.0361,876,0.01887
875,0.11728,875,0.01803,875,0.01342,875,0.01759,875,0.65029,875,0.34425,875,0.03632,875,0.01905
874,0.11801,874,0.01813,874,0.01348,874,0.01764,874,0.65266,874,0.34611,874,0.03654,874,0.01907
873,0.11872,873,0.01822,873,0.01354,873,0.0177,873,0.65498,873,0.34793,873,0.03673,873,0.01919
872,0.11946,872,0.01831,872,0.01358,872,0.01775,872,0.65738,872,0.34987,872,0.03693,872,0.0193
871,0.12026,871,0.01843,871,0.01364,871,0.01782,871,0.65981,871,0.35183,871,0.03716,871,0.01944
870,0.12097,870,0.01849,870,0.0137,870,0.01787,870,0.66211,870,0.35366,870,0.03737,870,0.01946
869,0.1218,869,0.01864,869,0.01382,869,0.01797,869,0.66471,869,0.3558,869,0.03771,869,0.01965
868,0.12243,868,0.01868,868,0.0138,868,0.01802,868,0.66705,868,0.35762,868,0.03779,868,0.01966
867,0.12319,867,0.0188,867,0.01386,867,0.01806,867,0.66939,867,0.35954,867,0.03802,867,0.01979
866,0.12388,866,0.01891,866,0.01389,866,0.01811,866,0.67187,866,0.36154,866,0.03824,866,0.01993
865,0.12462,865,0.019,865,0.01395,865,0.01819,865,0.67427,865,0.36351,865,0.03849,865,0.01999
864,0.12544,864,0.01911,864,0.01403,864,0.01827,864,0.67673,864,0.36557,864,0.03874,864,0.02016
863,0.12623,863,0.01917,863,0.014,863,0.01832,863,0.67916,863,0.36761,863,0.03893,863,0.0201
862,0.12701,862,0.0193,862,0.01413,862,0.01838,862,0.68162,862,0.36959,862,0.03916,862,0.02035
861,0.12781,861,0.01943,861,0.01434,861,0.01846,861,0.68412,861,0.37173,861,0.03943,861,0.02056
860,0.12872,860,0.01954,860,0.01422,860,0.01856,860,0.68665,860,0.37382,860,0.0397,860,0.02079
859,0.12971,859,0.01975,859,0.01454,859,0.01867,859,0.68918,859,0.37601,859,0.04006,859,0.02098
858,0.13077,858,0.01994,858,0.01469,858,0.01882,858,0.69183,858,0.37835,858,0.04048,858,0.02129
857,0.13095,857,0.0198,857,0.01456,857,0.01869,857,0.69399,857,0.37991,857,0.04032,857,0.02082
856,0.13156,856,0.01984,856,0.01424,856,0.01868,856,0.6963,856,0.38178,856,0.04037,856,0.02063
855,0.13221,855,0.01984,855,0.01413,855,0.0187,855,0.69876,855,0.38377,855,0.04052,855,0.02059
854,0.1331,854,0.01996,854,0.01439,854,0.01878,854,0.70123,854,0.38593,854,0.04078,854,0.02084
853,0.13408,853,0.02011,853,0.01475,853,0.01886,853,0.70383,853,0.38817,853,0.04109,853,0.02109
852,0.13499,852,0.02025,852,0.01477,852,0.01895,852,0.70636,852,0.39037,852,0.04138,852,0.02124
851,0.13585,851,0.02036,851,0.01474,851,0.01902,851,0.7089,851,0.39254,851,0.04165,851,0.02135
850,0.13664,850,0.0204,850,0.01472,850,0.01907,850,0.71143,850,0.39473,850,0.04185,850,0.02143
849,0.13765,849,0.02058,849,0.01491,849,0.01918,849,0.71411,849,0.39711,849,0.04224,849,0.02171
848,0.13867,848,0.02073,848,0.01501,848,0.01928,848,0.71665,848,0.39942,848,0.04256,848,0.02193
847,0.1394,847,0.02076,847,0.01496,847,0.01929,847,0.71915,847,0.40151,847,0.04271,847,0.02174
846,0.14019,846,0.02087,846,0.01512,846,0.01932,846,0.72165,846,0.40366,846,0.04289,846,0.02174
845,0.14073,845,0.02088,845,0.01489,845,0.01931,845,0.72396,845,0.40562,845,0.04295,845,0.02167
844,0.14194,844,0.02104,844,0.01511,844,0.01943,844,0.72681,844,0.4082,844,0.04337,844,0.02197
843,0.14287,843,0.02118,843,0.01507,843,0.01951,843,0.72936,843,0.41046,843,0.04364,843,0.02206
842,0.14359,842,0.02125,842,0.01508,842,0.01953,842,0.73189,842,0.41266,842,0.04381,842,0.02212
841,0.14464,841,0.02138,841,0.01516,841,0.01961,841,0.73453,841,0.41506,841,0.04412,841,0.02224
840,0.1456,840,0.0215,840,0.01536,840,0.01966,840,0.73709,840,0.41737,840,0.04436,840,0.02234
839,0.14653,839,0.02161,839,0.01555,839,0.01973,839,0.7397,839,0.41974,839,0.04465,839,0.02242
838,0.14744,838,0.02176,838,0.0155,838,0.01981,838,0.74227,838,0.42209,838,0.04494,838,0.02259
837,0.14837,837,0.02186,837,0.01555,837,0.01988,837,0.74493,837,0.42448,837,0.04524,837,0.02267
836,0.14946,836,0.02198,836,0.01557,836,0.01995,836,0.74761,836,0.42693,836,0.04551,836,0.02274
835,0.1504,835,0.02209,835,0.01545,835,0.01999,835,0.75019,835,0.42927,835,0.04572,835,0.02282
834,0.15166,834,0.02228,834,0.01595,834,0.02011,834,0.75294,834,0.43185,834,0.04616,834,0.02301
833,0.15234,833,0.02237,833,0.01601,833,0.02016,833,0.75558,833,0.43423,833,0.04639,833,0.02308
832,0.15337,832,0.02249,832,0.01609,832,0.02022,832,0.75814,832,0.43671,832,0.04669,832,0.02319
831,0.15435,831,0.02259,831,0.01597,831,0.02026,831,0.7609,831,0.43916,831,0.04693,831,0.02324
830,0.1553,830,0.02264,830,0.01593,830,0.02027,830,0.76349,830,0.44153,830,0.04712,830,0.02319
829,0.15676,829,0.02294,829,0.0163,829,0.0205,829,0.76632,829,0.4444,829,0.04773,829,0.02375
828,0.15737,828,0.02287,828,0.01607,828,0.02041,828,0.76889,828,0.44662,828,0.04774,828,0.02342
827,0.15784,827,0.02276,827,0.01579,827,0.02029,827,0.77122,827,0.44865,827,0.04765,827,0.02308
826,0.15922,826,0.023,826,0.01606,826,0.02047,826,0.774,826,0.45142,826,0.0481,826,0.02333
825,0.16056,825,0.02326,825,0.0163,825,0.02063,825,0.77706,825,0.45441,825,0.04859,825,0.02367
824,0.16183,824,0.02339,824,0.01648,824,0.02068,824,0.77978,824,0.45704,824,0.04902,824,0.02386
823,0.16267,823,0.02345,823,0.01648,823,0.02072,823,0.78248,823,0.45959,823,0.04942,823,0.02379
822,0.16369,822,0.02351,822,0.01646,822,0.02075,822,0.78518,822,0.46217,822,0.04944,822,0.02374
821,0.16481,821,0.02368,821,0.01649,821,0.02079,821,0.78783,821,0.46479,821,0.04955,821,0.02393
820,0.16624,820,0.02393,820,0.01676,820,0.02094,820,0.79074,820,0.46772,820,0.04972,820,0.02416
819,0.16734,819,0.02409,819,0.01677,819,0.021,819,0.79353,819,0.47046,819,0.0503,819,0.0244
818,0.16856,818,0.02423,818,0.0169,818,0.02109,818,0.79635,818,0.47327,818,0.05084,818,0.02436
817,0.16928,817,0.02418,817,0.01671,817,0.02103,817,0.79894,817,0.4757,817,0.05095,817,0.02413
816,0.17058,816,0.02437,816,0.01685,816,0.02114,816,0.80181,816,0.4786,816,0.05141,816,0.02436
815,0.17163,815,0.02441,815,0.01684,815,0.02118,815,0.8045,815,0.48128,815,0.05168,815,0.02437
814,0.17298,814,0.02466,814,0.01697,814,0.02126,814,0.80738,814,0.48423,814,0.05212,814,0.02452
813,0.17417,813,0.02479,813,0.01705,813,0.02134,813,0.81016,813,0.48702,813,0.05251,813,0.0249
812,0.17529,812,0.02491,812,0.01709,812,0.02138,812,0.81298,812,0.4899,812,0.05276,812,0.02478
811,0.17658,811,0.02501,811,0.01716,811,0.02143,811,0.81583,811,0.49282,811,0.05312,811,0.02473
810,0.17801,810,0.02522,810,0.01736,810,0.02155,810,0.81866,810,0.49579,810,0.05356,810,0.02488
809,0.17933,809,0.02533,809,0.01747,809,0.02163,809,0.8217,809,0.49883,809,0.05401,809,0.02503
808,0.18061,808,0.02551,808,0.01752,808,0.0217,808,0.82447,808,0.50178,808,0.05438,808,0.02514
807,0.182,807,0.02579,807,0.01769,807,0.02182,807,0.8274,807,0.5048,807,0.05481,807,0.02541
806,0.18324,806,0.02585,806,0.01776,806,0.02183,806,0.83032,806,0.50783,806,0.05535,806,0.02529
805,0.18404,805,0.02574,805,0.01744,805,0.0217,805,0.83286,805,0.51031,805,0.05499,805,0.02489
804,0.18533,804,0.02596,804,0.01751,804,0.02179,804,0.83567,804,0.51332,804,0.05551,804,0.02483
803,0.18689,803,0.02615,803,0.01756,803,0.02187,803,0.83861,803,0.51646,803,0.05584,803,0.02497
802,0.18843,802,0.02638,802,0.01779,802,0.02197,802,0.84158,802,0.51967,802,0.05636,802,0.02511
801,0.18953,801,0.02638,801,0.01774,801,0.02199,801,0.8444,801,0.52268,801,0.05666,801,0.0251
800,0.191,800,0.02656,800,0.01792,800,0.02211,800,0.84743,800,0.52599,800,0.05716,800,0.02542
799,0.19206,799,0.02667,799,0.01772,799,0.02189,799,0.84617,799,0.52727,799,0.05678,799,0.02537
798,0.19349,798,0.02685,798,0.01789,798,0.02203,798,0.84948,798,0.53038,798,0.05807,798,0.0256
797,0.19443,797,0.02693,797,0.0178,797,0.02206,797,0.85199,797,0.53321,797,0.05834,797,0.02542
796,0.19708,796,0.02744,796,0.01841,796,0.02249,796,0.8551,796,0.53699,796,0.05893,796,0.02646
795,0.19896,795,0.02786,795,0.01913,795,0.0227,795,0.8586,795,0.54148,795,0.05998,795,0.02692
794,0.19859,794,0.0274,794,0.01809,794,0.02226,794,0.86042,794,0.54324,794,0.05908,794,0.0256
793,0.20014,793,0.02751,793,0.01791,793,0.02225,793,0.86336,793,0.54603,793,0.05926,793,0.02554
792,0.20225,792,0.02789,792,0.01829,792,0.02259,792,0.86682,792,0.5502,792,0.06022,792,0.02593
791,0.20339,791,0.02787,791,0.01818,791,0.02259,791,0.8694,791,0.55288,791,0.06045,791,0.0261
790,0.20477,790,0.02813,790,0.01838,790,0.02249,790,0.87255,790,0.55621,790,0.06081,790,0.02598
789,0.20701,789,0.02827,789,0.01858,789,0.02266,789,0.87556,789,0.55982,789,0.06137,789,0.02626
788,0.2089,788,0.02871,788,0.01906,788,0.02291,788,0.87854,788,0.56373,788,0.06214,788,0.02646
787,0.21049,787,0.02899,787,0.01884,787,0.02298,787,0.88177,787,0.5676,787,0.06284,787,0.02675
786,0.21127,786,0.02901,786,0.01908,786,0.02303,786,0.88455,786,0.57055,786,0.06298,786,0.02675
785,0.21277,785,0.02899,785,0.01888,785,0.02295,785,0.88742,785,0.57345,785,0.06315,785,0.02604
784,0.215,784,0.02922,784,0.01907,784,0.02301,784,0.89016,784,0.57731,784,0.0637,784,0.02672
783,0.21627,783,0.02933,783,0.01917,783,0.02314,783,0.89344,783,0.58073,783,0.06425,783,0.02642
782,0.21826,782,0.02959,782,0.01926,782,0.02322,782,0.89654,782,0.58466,782,0.06463,782,0.02704
781,0.21977,781,0.02991,781,0.01939,781,0.02325,781,0.89952,781,0.58813,781,0.06475,781,0.0269
780,0.22064,780,0.02962,780,0.01882,780,0.02316,780,0.90173,780,0.59113,780,0.06468,780,0.02604
779,0.22285,779,0.02995,779,0.01922,779,0.02329,779,0.90516,779,0.59508,779,0.0657,779,0.0265
778,0.22475,778,0.03028,778,0.01952,778,0.02346,778,0.90833,778,0.59915,778,0.06709,778,0.02656
777,0.22661,777,0.0306,777,0.01959,777,0.02339,777,0.91111,777,0.60238,777,0.06738,777,0.02685
776,0.2286,776,0.03086,776,0.0198,776,0.02365,776,0.91434,776,0.60669,776,0.0681,776,0.02726
775,0.23109,775,0.03104,775,0.0201,775,0.02373,775,0.91763,775,0.6103,775,0.06861,775,0.02717
774,0.2322,774,0.03124,774,0.02001,774,0.02379,774,0.92028,774,0.61411,774,0.06886,774,0.02718
773,0.234,773,0.03157,773,0.02027,773,0.02391,773,0.92346,773,0.61802,773,0.06939,773,0.02737
772,0.23629,772,0.03159,772,0.02014,772,0.02393,772,0.9266,772,0.62158,772,0.06993,772,0.02721
771,0.23772,771,0.03176,771,0.02021,771,0.02402,771,0.92939,771,0.62573,771,0.07031,771,0.02742
770,0.23999,770,0.03204,770,0.02037,770,0.02408,770,0.93257,770,0.62975,770,0.07088,770,0.02715
769,0.24154,769,0.03237,769,0.0208,769,0.02423,769,0.93569,769,0.63398,769,0.07157,769,0.02748
768,0.24383,768,0.03239,768,0.02059,768,0.02421,768,0.93874,768,0.63754,768,0.07181,768,0.0273
767,0.24584,767,0.03273,767,0.02073,767,0.02438,767,0.94187,767,0.64169,767,0.07225,767,0.02779
766,0.24853,766,0.03303,766,0.02117,766,0.02448,766,0.94534,766,0.64589,766,0.07311,766,0.02778
765,0.25022,765,0.03328,765,0.02114,765,0.02456,765,0.94815,765,0.65019,765,0.07403,765,0.02791
764,0.25229,764,0.03353,764,0.02122,764,0.02471,764,0.95118,764,0.65406,764,0.07455,764,0.02782
763,0.25363,763,0.03368,763,0.02139,763,0.02472,763,0.95444,763,0.65823,763,0.07527,763,0.02786
762,0.2563,762,0.03397,762,0.02158,762,0.02496,762,0.95747,762,0.66274,762,0.076,762,0.02775
761,0.25914,761,0.03463,761,0.02194,761,0.02511,761,0.96092,761,0.66715,761,0.07787,761,0.02885
760,0.26107,760,0.03471,760,0.02192,760,0.02512,760,0.96401,760,0.67119,760,0.07769,760,0.0284
759,0.26289,759,0.03468,759,0.02168,759,0.02503,759,0.96653,759,0.67468,759,0.07782,759,0.02781
758,0.26565,758,0.03498,758,0.02184,758,0.0252,758,0.96993,758,0.67935,758,0.07869,758,0.02844
757,0.26762,757,0.03523,757,0.02193,757,0.02529,757,0.97294,757,0.68381,757,0.07904,757,0.02822
756,0.27024,756,0.03542,756,0.02215,756,0.02542,756,0.97595,756,0.68837,756,0.07986,756,0.02838
755,0.27266,755,0.03577,755,0.0223,755,0.02552,755,0.97919,755,0.69281,755,0.08049,755,0.0286
754,0.27482,754,0.03605,754,0.02255,754,0.02561,754,0.98249,754,0.69724,754,0.08153,754,0.02858
753,0.27752,753,0.03648,753,0.02282,753,0.0259,753,0.98571,753,0.70207,753,0.08206,753,0.02879
752,0.27993,752,0.03672,752,0.02284,752,0.02597,752,0.98898,752,0.70663,752,0.08298,752,0.0288
751,0.28203,751,0.037,751,0.02296,751,0.02606,751,0.99185,751,0.71107,751,0.08343,751,0.02865
750,0.28515,750,0.0373,750,0.02309,750,0.02617,750,0.9954,750,0.7158,750,0.08442,750,0.029
749,0.28721,749,0.0376,749,0.02311,749,0.02626,749,0.99813,749,0.72076,749,0.08505,749,0.02873
748,0.29052,748,0.03781,748,0.02332,748,0.02639,748,1.00146,748,0.72525,748,0.08582,748,0.0288
747,0.2936,747,0.03825,747,0.02359,747,0.02661,747,1.00481,747,0.73031,747,0.08682,747,0.02899
746,0.29597,746,0.03869,746,0.02371,746,0.02672,746,1.00793,746,0.73535,746,0.08754,746,0.02907
745,0.29873,745,0.03897,745,0.02406,745,0.02687,745,1.01126,745,0.74036,745,0.08838,745,0.02937
744,0.30134,744,0.03932,744,0.02414,744,0.02704,744,1.01433,744,0.745,744,0.08926,744,0.02937
743,0.3045,743,0.03962,743,0.02437,743,0.0272,743,1.01745,743,0.75008,743,0.08999,743,0.02943
742,0.30749,742,0.04007,742,0.02463,742,0.02746,742,1.02108,742,0.75523,742,0.09125,742,0.03
741,0.30993,741,0.04036,741,0.0246,741,0.02748,741,1.02395,741,0.75997,741,0.09194,741,0.02963
740,0.31326,740,0.04076,740,0.0249,740,0.02775,740,1.0272,740,0.76545,740,0.09284,740,0.03018
739,0.31627,739,0.04127,739,0.02521,739,0.02787,739,1.03036,739,0.7707,739,0.09393,739,0.03019
738,0.3196,738,0.04164,738,0.02548,738,0.02803,738,1.03392,738,0.77603,738,0.09505,738,0.03032
737,0.32308,737,0.04201,737,0.02577,737,0.02831,737,1.03728,737,0.7816,737,0.09609,737,0.03044
736,0.32596,736,0.04216,736,0.0257,736,0.02841,736,1.0404,736,0.78678,736,0.09692,736,0.03043
735,0.32904,735,0.0427,735,0.02608,735,0.02859,735,1.04353,735,0.79219,735,0.09798,735,0.03064
734,0.33269,734,0.04324,734,0.02632,734,0.02887,734,1.04686,734,0.79756,734,0.099,734,0.03089
733,0.33602,733,0.04366,733,0.02649,733,0.02897,733,1.04989,733,0.80335,733,0.1,733,0.03081
732,0.33938,732,0.04412,732,0.02652,732,0.02918,732,1.05325,732,0.80886,732,0.10108,732,0.0309
731,0.34274,731,0.0445,731,0.0266,731,0.02937,731,1.05642,731,0.81425,731,0.10208,731,0.03095
730,0.34652,730,0.04466,730,0.02702,730,0.02961,730,1.05987,730,0.82016,730,0.10321,730,0.03131
729,0.35066,729,0.04574,729,0.0276,729,0.03,729,1.06322,729,0.82635,729,0.10465,729,0.03198
728,0.35421,728,0.04647,728,0.02782,728,0.03021,728,1.0666,728,0.83217,728,0.10588,728,0.03182
727,0.3586,727,0.0469,727,0.02819,727,0.03047,727,1.06981,727,0.83815,727,0.10715,727,0.03198
726,0.36232,726,0.04748,726,0.02869,726,0.03077,726,1.07342,726,0.84451,726,0.1083,726,0.03224
725,0.36676,725,0.04801,725,0.02901,725,0.0311,725,1.07668,725,0.85078,725,0.1094,725,0.03253
724,0.37122,724,0.04851,724,0.02938,724,0.03137,724,1.07992,724,0.85688,724,0.11118,724,0.03273
723,0.37495,723,0.04922,723,0.0299,723,0.03177,723,1.08331,723,0.86337,723,0.11275,723,0.03315
722,0.37856,722,0.04964,722,0.02995,722,0.03192,722,1.08654,722,0.86936,722,0.11382,722,0.0331
721,0.38383,721,0.05038,721,0.03032,721,0.03228,721,1.08983,721,0.87581,721,0.1164,721,0.03326
720,0.38884,720,0.0511,720,0.03075,720,0.03279,720,1.09332,720,0.88258,720,0.11759,720,0.03397
719,0.39357,719,0.05188,719,0.03124,719,0.03312,719,1.09666,719,0.88943,719,0.11902,719,0.03415
718,0.39712,718,0.05234,718,0.03125,718,0.03324,718,1.09963,718,0.89535,718,0.11987,718,0.03337
717,0.40243,717,0.05304,717,0.0317,717,0.03367,717,1.10303,717,0.9023,717,0.12169,717,0.03391
716,0.40829,716,0.05427,716,0.03267,716,0.03429,716,1.10686,716,0.91024,716,0.12435,716,0.03521
715,0.41371,715,0.05509,715,0.03329,715,0.03478,715,1.1103,715,0.91725,715,0.12626,715,0.03553
714,0.41862,714,0.05564,714,0.03333,714,0.03504,714,1.11336,714,0.92388,714,0.12765,714,0.03499
713,0.4245,713,0.0566,713,0.03402,713,0.0356,713,1.11688,713,0.93142,713,0.12964,713,0.03565
712,0.43059,712,0.05774,712,0.03474,712,0.03622,712,1.12027,712,0.93895,712,0.13191,712,0.03606
711,0.43729,711,0.05898,711,0.03561,711,0.03692,711,1.12391,711,0.94695,711,0.13442,711,0.03667
710,0.44254,710,0.05986,710,0.03594,710,0.03734,710,1.12697,710,0.95446,710,0.13626,710,0.03693
709,0.44877,709,0.06092,709,0.03654,709,0.03789,709,1.13007,709,0.9618,709,0.13889,709,0.03706
708,0.45534,708,0.0621,708,0.03745,708,0.03858,708,1.13393,708,0.96993,708,0.14121,708,0.03715
707,0.4623,707,0.0635,707,0.03845,707,0.03935,707,1.13718,707,0.97823,707,0.1441,707,0.03815
706,0.4696,706,0.06497,706,0.03957,706,0.04019,706,1.1405,706,0.98664,706,0.14686,706,0.03881
705,0.47737,705,0.06657,705,0.04058,705,0.04109,705,1.14424,705,0.99536,705,0.14986,705,0.03982
704,0.48447,704,0.06798,704,0.04143,704,0.04183,704,1.14736,704,1.00342,704,0.15275,704,0.04013
703,0.49241,703,0.0695,703,0.0424,703,0.04267,703,1.15041,703,1.01209,703,0.15602,703,0.04048
702,0.50053,702,0.07124,702,0.04338,702,0.04366,702,1.15362,702,1.02068,702,0.1596,702,0.04092
701,0.50894,701,0.07303,701,0.04471,701,0.04463,701,1.15679,701,1.02933,701,0.1632,701,0.0416
700,0.51795,700,0.07501,700,0.04599,700,0.04568,700,1.15983,700,1.03822,700,0.16682,700,0.04211
699,0.5274,699,0.07706,699,0.04738,699,0.04685,699,1.1628,699,1.04739,699,0.17105,699,0.04302
698,0.53718,698,0.07944,698,0.04893,698,0.04807,698,1.16578,698,1.05669,698,0.17549,698,0.04383
697,0.54707,697,0.08185,697,0.05062,697,0.04944,697,1.16852,697,1.0658,697,0.18017,697,0.04463
696,0.55768,696,0.08442,696,0.05243,696,0.05089,696,1.17125,696,1.07511,696,0.18508,696,0.04563
695,0.56907,695,0.08746,695,0.05455,695,0.0525,695,1.17423,695,1.08492,695,0.19069,695,0.04702
694,0.57987,694,0.09028,694,0.0561,694,0.05405,694,1.17633,694,1.09382,694,0.19594,694,0.0474
693,0.59166,693,0.09354,693,0.05846,693,0.05582,693,1.17884,693,1.1032,693,0.20192,693,0.04834
692,0.60432,692,0.09711,692,0.06089,692,0.05772,692,1.18083,692,1.11251,692,0.20838,692,0.04925
691,0.61735,691,0.10096,691,0.06356,691,0.0597,691,1.18283,691,1.12183,691,0.21544,691,0.05043
690,0.63079,690,0.10522,690,0.06641,690,0.06194,690,1.1843,690,1.13076,690,0.22302,690,0.05157
689,0.645,689,0.10987,689,0.06956,689,0.06434,689,1.1858,689,1.13988,689,0.23124,689,0.05285
688,0.6595,688,0.11478,688,0.07301,688,0.06686,688,1.18681,688,1.14838,688,0.23993,688,0.05421
687,0.67447,687,0.12028,687,0.07652,687,0.06957,687,1.18723,687,1.15636,687,0.24947,687,0.0555
686,0.69026,686,0.12631,686,0.08078,686,0.07268,686,1.18767,686,1.16407,686,0.26,686,0.05719
685,0.70566,685,0.13271,685,0.08521,685,0.07581,685,1.18742,685,1.17081,685,0.27081,685,0.05879
684,0.72212,684,0.13992,684,0.09009,684,0.07941,684,1.18691,684,1.17706,684,0.28274,684,0.06096
683,0.73854,683,0.14755,683,0.0952,683,0.08313,683,1.18555,683,1.18198,683,0.29518,683,0.06285
682,0.75423,682,0.15558,682,0.10062,682,0.08696,682,1.18364,682,1.18544,682,0.30804,682,0.06449
681,0.76914,681,0.16423,681,0.10657,681,0.09114,681,1.18106,681,1.18778,681,0.32188,681,0.06656
680,0.78381,680,0.17354,680,0.11292,680,0.09575,680,1.17823,680,1.18865,680,0.33639,680,0.06877
679,0.79679,679,0.1832,679,0.11966,679,0.10051,679,1.17449,679,1.18808,679,0.35105,679,0.0712
678,0.80843,678,0.19317,678,0.12666,678,0.10549,678,1.17014,678,1.18612,678,0.36555,678,0.07373
677,0.81787,677,0.20324,677,0.13387,677,0.11071,677,1.16525,677,1.18243,677,0.37948,677,0.07632
676,0.82536,676,0.21332,676,0.14102,676,0.11599,676,1.1596,676,1.17669,676,0.39258,676,0.07861
675,0.83124,675,0.2234,675,0.1487,675,0.12173,675,1.15366,675,1.17038,675,0.40531,675,0.08177
674,0.83451,674,0.23286,674,0.15609,674,0.12743,674,1.1472,674,1.16268,674,0.41642,674,0.08449
673,0.83589,673,0.2422,673,0.16378,673,0.13349,673,1.14041,673,1.154,673,0.42693,673,0.08804
672,0.83507,672,0.25052,672,0.17086,672,0.13945,672,1.13355,672,1.14435,672,0.43534,672,0.09155
671,0.83245,671,0.25791,671,0.1776,671,0.14539,671,1.12632,671,1.1341,671,0.44152,671,0.09533
670,0.82817,670,0.26453,670,0.18405,670,0.15146,670,1.11923,670,1.12377,670,0.44631,670,0.09887
669,0.82287,669,0.27008,669,0.18993,669,0.15733,669,1.1125,669,1.11357,669,0.4494,669,0.10259
668,0.81635,668,0.27457,668,0.19534,668,0.16308,668,1.10586,668,1.10336,668,0.45125,668,0.10654
667,0.80934,667,0.27809,667,0.19999,667,0.16853,667,1.09979,667,1.09369,667,0.45164,667,0.11038
666,0.80183,666,0.28059,666,0.20397,666,0.17362,666,1.09437,666,1.08451,666,0.45097,666,0.11416
665,0.79383,665,0.28207,665,0.20717,665,0.17841,665,1.08927,665,1.07573,665,0.44898,665,0.11783
664,0.78562,664,0.28258,664,0.20932,664,0.18256,664,1.0847,664,1.06778,664,0.44609,664,0.12171
663,0.77815,663,0.28243,663,0.21124,663,0.18623,663,1.08101,663,1.0608,663,0.44284,663,0.12572
662,0.771,662,0.28147,662,0.21225,662,0.18928,662,1.07791,662,1.05478,662,0.43897,662,0.12964
661,0.764,661,0.2797,661,0.21232,661,0.19152,661,1.07529,661,1.04931,661,0.43466,661,0.13336
660,0.75748,660,0.27743,660,0.21162,660,0.19303,660,1.07324,660,1.04462,660,0.43017,660,0.13712
659,0.75162,659,0.2749,659,0.21051,659,0.19383,659,1.07159,659,1.0408,659,0.4257,659,0.14016
658,0.74642,658,0.27214,658,0.2089,658,0.19406,658,1.07057,658,1.03783,658,0.42149,658,0.14261
657,0.74217,657,0.26945,657,0.20732,657,0.19395,657,1.07012,657,1.03576,657,0.41733,657,0.14508
656,0.73835,656,0.26674,656,0.20533,656,0.19334,656,1.06977,656,1.03407,656,0.41337,656,0.14699
655,0.73541,655,0.26423,655,0.20353,655,0.19263,655,1.07007,655,1.03346,655,0.41001,655,0.14895
654,0.73279,654,0.26184,654,0.20172,654,0.19171,654,1.07086,654,1.03338,654,0.40726,654,0.1506
653,0.73143,653,0.2596,653,0.19989,653,0.19068,653,1.07184,653,1.0336,653,0.40468,653,0.15146
652,0.73073,652,0.2578,652,0.19856,652,0.18974,652,1.07338,652,1.03508,652,0.40323,652,0.15269
651,0.7305,651,0.25612,651,0.19706,651,0.1888,651,1.07522,651,1.03693,651,0.4014,651,0.15325
650,0.73027,650,0.25455,650,0.19563,650,0.18774,650,1.07693,650,1.03885,650,0.39963,650,0.15347
649,0.73101,649,0.2533,649,0.19451,649,0.18679,649,1.07903,649,1.04164,649,0.39856,649,0.15362
648,0.73322,648,0.25244,648,0.19364,648,0.18608,648,1.08139,648,1.04505,648,0.39823,648,0.15395
647,0.73598,647,0.25204,647,0.19315,647,0.18552,647,1.08413,647,1.04868,647,0.3983,647,0.15435
646,0.73893,646,0.25195,646,0.1929,646,0.18517,646,1.08667,646,1.05303,646,0.39899,646,0.15473
645,0.74234,645,0.25205,645,0.19281,645,0.18496,645,1.08955,645,1.05737,645,0.39999,645,0.15503
644,0.74641,644,0.25242,644,0.19294,644,0.18492,644,1.09189,644,1.06175,644,0.40128,644,0.15517
643,0.75044,643,0.25296,643,0.19307,643,0.185,643,1.09438,643,1.06608,643,0.40306,643,0.15533
642,0.75513,642,0.25397,642,0.19363,642,0.18546,642,1.09694,642,1.07072,642,0.40521,642,0.15592
641,0.76058,641,0.25531,641,0.19452,641,0.18609,641,1.09958,641,1.07579,641,0.40791,641,0.15667
640,0.76625,640,0.2569,640,0.19565,640,0.18699,640,1.10223,640,1.08066,640,0.41103,640,0.15752
639,0.77257,639,0.25877,639,0.19711,639,0.18806,639,1.10451,639,1.08571,639,0.41458,639,0.15871
638,0.77851,638,0.26073,638,0.19849,638,0.18932,638,1.10678,638,1.09043,638,0.41805,638,0.15968
637,0.78445,637,0.26283,637,0.19977,637,0.19056,637,1.10858,637,1.09477,637,0.42166,637,0.16035
636,0.79063,636,0.26524,636,0.20146,636,0.19218,636,1.11044,636,1.09918,636,0.42542,636,0.16167
635,0.79696,635,0.26793,635,0.20338,635,0.19382,635,1.11221,635,1.10334,635,0.42976,635,0.16263
634,0.80366,634,0.27089,634,0.20564,634,0.19588,634,1.11388,634,1.10792,634,0.43497,634,0.16428
633,0.8109,633,0.27417,633,0.208,633,0.19808,633,1.11569,633,1.11213,633,0.44047,633,0.16614
632,0.81793,632,0.27754,632,0.21054,632,0.20042,632,1.11698,632,1.11623,632,0.44586,632,0.16788
631,0.82511,631,0.28118,631,0.21355,631,0.20297,631,1.11837,631,1.12002,631,0.45182,631,0.1701
630,0.83248,630,0.28507,630,0.21651,630,0.20568,630,1.1194,630,1.12366,630,0.45741,630,0.17231
629,0.83945,629,0.2891,629,0.2195,629,0.20852,629,1.12026,629,1.12673,629,0.46355,629,0.17441
628,0.84656,628,0.29352,628,0.22282,628,0.2116,628,1.12104,628,1.12987,628,0.46996,628,0.17686
627,0.85331,627,0.29817,627,0.22633,627,0.21486,627,1.12174,627,1.1328,627,0.47664,627,0.17972
626,0.86082,626,0.30282,626,0.23011,626,0.21836,626,1.12208,626,1.13545,626,0.48366,626,0.18261
625,0.86771,625,0.30779,625,0.2341,625,0.22193,625,1.12249,625,1.13776,625,0.49066,625,0.18561
624,0.87427,624,0.31292,624,0.23794,624,0.22565,624,1.12247,624,1.13951,624,0.4977,624,0.18856
623,0.88094,623,0.31825,623,0.24203,623,0.22947,623,1.12221,623,1.14085,623,0.50479,623,0.1918
622,0.88699,622,0.32365,622,0.24634,622,0.23342,622,1.12177,622,1.14197,622,0.51204,622,0.19519
621,0.89308,621,0.32916,621,0.25074,621,0.23755,621,1.12129,621,1.1427,621,0.51928,621,0.1987
620,0.89839,620,0.33489,620,0.25525,620,0.24166,620,1.12044,620,1.14285,620,0.52642,620,0.20218
619,0.90315,619,0.3407,619,0.26001,619,0.24595,619,1.11947,619,1.14272,619,0.53383,619,0.20594
618,0.90672,618,0.3464,618,0.26466,618,0.25028,618,1.11804,618,1.14215,618,0.54088,618,0.2097
617,0.91068,617,0.35198,617,0.26936,617,0.25481,617,1.11655,617,1.14092,617,0.54798,617,0.2132
616,0.91421,616,0.35761,616,0.27406,616,0.2591,616,1.11475,616,1.13931,616,0.55415,616,0.217
615,0.91727,615,0.36311,615,0.27871,615,0.26333,615,1.1127,615,1.13739,615,0.5601,615,0.22082
614,0.91849,614,0.36798,614,0.28287,614,0.26725,614,1.11022,614,1.13454,614,0.56418,614,0.2239
613,0.91908,613,0.37286,613,0.28725,613,0.27127,613,1.10793,613,1.13167,613,0.56959,613,0.22776
612,0.91945,612,0.37691,612,0.29103,612,0.2748,612,1.10508,612,1.12795,612,0.57359,612,0.23083
611,0.91837,611,0.38114,611,0.29462,611,0.27819,611,1.10216,611,1.12397,611,0.57721,611,0.23393
610,0.91724,610,0.3849,610,0.29812,610,0.28137,610,1.09916,610,1.12007,610,0.58004,610,0.23711
609,0.91501,609,0.38764,609,0.30082,609,0.284,609,1.0961,609,1.1157,609,0.58181,609,0.23993
608,0.9126,608,0.38996,608,0.3033,608,0.28639,608,1.09285,608,1.11118,608,0.58298,608,0.24217
607,0.90849,607,0.39119,607,0.30471,607,0.28804,607,1.0891,607,1.10571,607,0.58284,607,0.24397
606,0.90401,606,0.39208,606,0.30582,606,0.28928,606,1.08563,606,1.1004,606,0.58209,606,0.24567
605,0.89918,605,0.39227,605,0.30645,605,0.29019,605,1.08229,605,1.09533,605,0.58088,605,0.24709
604,0.89438,604,0.39183,604,0.30656,604,0.29041,604,1.07903,604,1.09022,604,0.57871,604,0.2479
603,0.88916,603,0.39078,603,0.30624,603,0.29025,603,1.07589,603,1.08524,603,0.57588,603,0.24862
602,0.8838,602,0.38924,602,0.30515,602,0.28966,602,1.07293,602,1.08043,602,0.57264,602,0.24887
601,0.87863,601,0.38745,601,0.30397,601,0.28877,601,1.07046,601,1.07635,601,0.56927,601,0.24903
600,0.87361,600,0.38527,600,0.30279,600,0.28755,600,1.06836,600,1.07248,600,0.56556,600,0.24896
599,0.86912,599,0.38289,599,0.30115,599,0.28615,599,1.06678,599,1.06937,599,0.56174,599,0.24875
598,0.86474,598,0.38023,598,0.29921,598,0.28449,598,1.06535,598,1.0666,598,0.55796,598,0.24828
597,0.86191,597,0.37758,597,0.29725,597,0.28261,597,1.06449,597,1.06453,597,0.55414,597,0.24742
596,0.85844,596,0.37486,596,0.29528,596,0.28072,596,1.06404,596,1.06348,596,0.55076,596,0.24689
595,0.85531,595,0.37211,595,0.29302,595,0.27863,595,1.06404,595,1.06237,595,0.54745,595,0.24617
594,0.85263,594,0.36935,594,0.29044,594,0.27657,594,1.06423,594,1.06189,594,0.54413,594,0.24486
593,0.85121,593,0.36698,593,0.28837,593,0.27467,593,1.06499,593,1.06235,593,0.54148,593,0.24419
592,0.84887,592,0.36407,592,0.28568,592,0.27241,592,1.06522,592,1.06195,592,0.53826,592,0.24217
591,0.84906,591,0.36214,591,0.28406,591,0.2707,591,1.06675,591,1.06365,591,0.53638,591,0.24149
590,0.84936,590,0.36005,590,0.28235,590,0.26889,590,1.06782,590,1.06512,590,0.5347,590,0.24045
589,0.85094,589,0.35831,589,0.28084,589,0.26728,589,1.06956,589,1.06706,589,0.53311,589,0.23982
588,0.85104,588,0.35689,588,0.27963,588,0.26574,588,1.07138,588,1.06963,588,0.53313,588,0.23891
587,0.85166,587,0.35553,587,0.27812,587,0.26442,587,1.07308,587,1.07199,587,0.53184,587,0.23828
586,0.85417,586,0.35434,586,0.27662,586,0.26305,586,1.07487,586,1.07444,586,0.53171,586,0.23714
585,0.8564,585,0.3533,585,0.2751,585,0.26169,585,1.07665,585,1.07694,585,0.53157,585,0.23603
584,0.85942,584,0.35252,584,0.27408,584,0.26054,584,1.07845,584,1.08007,584,0.53188,584,0.23499
583,0.86225,583,0.35208,583,0.27318,583,0.25963,583,1.08048,583,1.08328,583,0.53273,583,0.23454
582,0.86605,582,0.35174,582,0.27243,582,0.25889,582,1.08239,582,1.08642,582,0.53366,582,0.23393
581,0.86815,581,0.35146,581,0.27168,581,0.25794,581,1.08438,581,1.08937,581,0.53489,581,0.23354
580,0.87125,580,0.35144,580,0.27098,580,0.25712,580,1.08602,580,1.09226,580,0.53638,580,0.2326
579,0.87594,579,0.35191,579,0.27099,579,0.25683,579,1.0882,579,1.09591,579,0.53915,579,0.23291
578,0.87844,578,0.35166,578,0.27001,578,0.25589,578,1.08936,578,1.09817,578,0.53992,578,0.23183
577,0.88316,577,0.35211,577,0.26995,577,0.25553,577,1.09121,577,1.10137,577,0.54187,577,0.23206
576,0.88754,576,0.3527,576,0.2698,576,0.25517,576,1.0931,576,1.10453,576,0.5439,576,0.23101
575,0.89153,575,0.35347,575,0.26969,575,0.25487,575,1.09481,575,1.10762,575,0.54618,575,0.23094
574,0.89474,574,0.35421,574,0.26983,574,0.25466,574,1.09662,574,1.11073,574,0.54863,574,0.23063
573,0.90018,573,0.35518,573,0.27,573,0.25454,573,1.09824,573,1.11376,573,0.55127,573,0.23128
572,0.90527,572,0.35629,572,0.27015,572,0.25458,572,1.10005,572,1.11683,572,0.55406,572,0.23133
571,0.90879,571,0.35732,571,0.27051,571,0.25448,571,1.1015,571,1.11976,571,0.55684,571,0.23099
570,0.91298,570,0.35854,570,0.27073,570,0.25454,570,1.10296,570,1.12261,570,0.56008,570,0.23102
569,0.91683,569,0.35955,569,0.27118,569,0.25453,569,1.10375,569,1.12451,569,0.56251,569,0.23105
568,0.92152,568,0.36093,568,0.27165,568,0.25473,568,1.10523,568,1.12769,568,0.56568,568,0.23118
567,0.92601,567,0.36253,567,0.27213,567,0.25494,567,1.10704,567,1.13053,567,0.56897,567,0.23139
566,0.93046,566,0.36397,566,0.2726,566,0.25516,566,1.10821,566,1.13291,566,0.57213,566,0.23127
565,0.93539,565,0.36555,565,0.27332,565,0.2555,565,1.10999,565,1.13604,565,0.57583,565,0.23161
564,0.94032,564,0.36741,564,0.27416,564,0.25594,564,1.11151,564,1.13896,564,0.57958,564,0.23233
563,0.94511,563,0.36924,563,0.27518,563,0.25652,563,1.11321,563,1.14199,563,0.58343,563,0.23259
562,0.95022,562,0.37116,562,0.27597,562,0.25697,562,1.11464,562,1.1447,562,0.58731,562,0.23274
561,0.95513,561,0.37326,561,0.2771,561,0.25759,561,1.11609,561,1.14771,561,0.59121,561,0.23316
560,0.95985,560,0.37547,560,0.27802,560,0.25816,560,1.1177,560,1.15063,560,0.59538,560,0.23348
559,0.96611,559,0.37798,559,0.27953,559,0.25904,559,1.11972,559,1.15424,559,0.59988,559,0.23509
558,0.97111,558,0.37991,558,0.28019,558,0.25963,558,1.12109,558,1.15651,558,0.60401,558,0.23514
557,0.97621,557,0.38193,557,0.28109,557,0.2602,557,1.12217,557,1.15878,557,0.60793,557,0.23486
556,0.98203,556,0.38447,556,0.28279,556,0.26127,556,1.12398,556,1.16181,556,0.61262,556,0.23594
555,0.98719,555,0.38692,555,0.28425,555,0.26212,555,1.12557,555,1.16482,555,0.61717,555,0.23665
554,0.99283,554,0.38931,554,0.28542,554,0.26284,554,1.1269,554,1.16718,554,0.6217,554,0.23689
553,0.99768,553,0.39182,553,0.28641,553,0.26366,553,1.12803,553,1.16977,553,0.62631,553,0.23733
552,1.00314,552,0.39463,552,0.28803,552,0.26477,552,1.12997,552,1.17277,552,0.63137,552,0.23837
551,1.00783,551,0.39723,551,0.28935,551,0.26574,551,1.13121,551,1.17514,551,0.6361,551,0.23838
550,1.01492,550,0.40058,550,0.29145,550,0.26723,550,1.1333,550,1.17861,550,0.64185,550,0.24029
549,1.01945,549,0.40294,549,0.29245,549,0.26798,549,1.13421,549,1.18034,549,0.64632,549,0.23993
548,1.02596,548,0.40612,548,0.29455,548,0.26938,548,1.13588,548,1.18334,548,0.65195,548,0.24125
547,1.03191,547,0.40947,547,0.29672,547,0.27073,547,1.13795,547,1.18672,547,0.65789,547,0.24259
546,1.03868,546,0.41259,546,0.29835,546,0.27213,546,1.13924,546,1.18943,546,0.6635,546,0.24338
545,1.04472,545,0.41602,545,0.30031,545,0.27349,545,1.14098,545,1.19209,545,0.6692,545,0.24449
544,1.05008,544,0.41914,544,0.30215,544,0.27483,544,1.14223,544,1.19449,544,0.67461,544,0.24559
543,1.05624,543,0.42281,543,0.30435,543,0.27642,543,1.14398,543,1.19739,543,0.68083,543,0.24668
542,1.06199,542,0.42627,542,0.30639,542,0.27791,542,1.14567,542,1.20001,542,0.68702,542,0.24762
541,1.0683,541,0.42997,541,0.30867,541,0.27961,541,1.14718,541,1.20283,541,0.69329,541,0.249
540,1.07474,540,0.43393,540,0.31102,540,0.28126,540,1.14885,540,1.20558,540,0.69957,540,0.25021
539,1.08073,539,0.43788,539,0.31323,539,0.28294,539,1.15055,539,1.20808,539,0.70601,539,0.25157
538,1.08732,538,0.44201,538,0.31575,538,0.28477,538,1.15226,538,1.21061,538,0.7129,538,0.25277
537,1.09361,537,0.44615,537,0.31818,537,0.28658,537,1.15393,537,1.21325,537,0.71971,537,0.25433
536,1.10007,536,0.45027,536,0.32053,536,0.28836,536,1.15532,536,1.21554,536,0.72648,536,0.25563
535,1.10652,535,0.4547,535,0.32328,535,0.29039,535,1.15701,535,1.21853,535,0.73375,535,0.25701
534,1.11342,534,0.45931,534,0.32609,534,0.29245,534,1.15877,534,1.2212,534,0.74115,534,0.25853
533,1.11956,533,0.46377,533,0.32884,533,0.29449,533,1.16024,533,1.22341,533,0.74837,533,0.25977
532,1.12621,532,0.46865,532,0.33165,532,0.29664,532,1.16213,532,1.22623,532,0.75601,532,0.26123
531,1.13328,531,0.47365,531,0.33455,531,0.29891,531,1.16369,531,1.2285,531,0.76383,531,0.26296
530,1.13981,530,0.47875,530,0.33797,530,0.30133,530,1.16563,530,1.23114,530,0.77184,530,0.26487
529,1.14648,529,0.48397,529,0.34116,529,0.30368,529,1.16736,529,1.23368,529,0.78004,529,0.26663
528,1.15327,528,0.48929,528,0.34452,528,0.30605,528,1.16893,528,1.23615,528,0.78822,528,0.26819
527,1.15994,527,0.49482,527,0.348,527,0.30882,527,1.17077,527,1.23868,527,0.79677,527,0.27024
526,1.16697,526,0.50042,526,0.35157,526,0.31128,526,1.17246,526,1.24126,526,0.80545,526,0.27213
525,1.17357,525,0.50612,525,0.35487,525,0.31393,525,1.1743,525,1.24327,525,0.81401,525,0.27379
524,1.18059,524,0.51234,524,0.35873,524,0.31684,524,1.1759,524,1.246,524,0.82326,524,0.27598
523,1.1876,523,0.51855,523,0.3627,523,0.31983,523,1.17774,523,1.24834,523,0.83222,523,0.27795
522,1.19451,522,0.52491,522,0.36685,522,0.32278,522,1.17959,522,1.25098,522,0.8419,522,0.28059
521,1.2014,521,0.53145,521,0.3709,521,0.32591,521,1.18132,521,1.25307,521,0.85134,521,0.28265
520,1.20821,520,0.53824,520,0.37526,520,0.32908,520,1.18303,520,1.25532,520,0.86106,520,0.28482
519,1.21542,519,0.54533,519,0.37994,519,0.33252,519,1.18506,519,1.25776,519,0.87115,519,0.2869
518,1.22243,518,0.55287,518,0.38485,518,0.33606,518,1.18685,518,1.26013,518,0.88161,518,0.28946
517,1.22952,517,0.5602,517,0.38957,517,0.33953,517,1.1889,517,1.26242,517,0.89185,517,0.29196
516,1.23645,516,0.56802,516,0.39468,516,0.34337,516,1.19087,516,1.26469,516,0.90265,516,0.29482
515,1.24326,515,0.5759,515,0.39995,515,0.34714,515,1.19247,515,1.2668,515,0.9132,515,0.29717
514,1.24994,514,0.58397,514,0.40504,514,0.35108,514,1.19425,514,1.26886,514,0.92406,514,0.29971
513,1.25702,513,0.59251,513,0.41071,513,0.35522,513,1.19609,513,1.27123,513,0.93532,513,0.3024
512,1.26371,512,0.60129,512,0.41663,512,0.35954,512,1.19805,512,1.27329,512,0.9468,512,0.30552
511,1.27031,511,0.61026,511,0.42238,511,0.36394,511,1.19981,511,1.27536,511,0.95832,511,0.30837
510,1.27706,510,0.61949,510,0.42876,510,0.36855,510,1.2019,510,1.27763,510,0.97006,510,0.31163
509,1.28348,509,0.62898,509,0.43523,509,0.37328,509,1.20363,509,1.27951,509,0.98192,509,0.31462
508,1.29051,508,0.63909,508,0.44228,508,0.37836,508,1.2057,508,1.28161,508,0.99431,508,0.31796
507,1.29672,507,0.64919,507,0.44949,507,0.3835,507,1.20741,507,1.28369,507,1.00643,507,0.32133
506,1.30284,506,0.6594,506,0.4564,506,0.38864,506,1.20926,506,1.28566,506,1.0185,506,0.3243
505,1.30922,505,0.67021,505,0.46369,505,0.39424,505,1.21071,505,1.28752,505,1.03111,505,0.3279
504,1.31536,504,0.68113,504,0.47064,504,0.39997,504,1.21248,504,1.28932,504,1.04369,504,0.33165
503,1.32095,503,0.6923,503,0.47895,503,0.40565,503,1.21434,503,1.2911,503,1.05625,503,0.33553
502,1.32689,502,0.70393,502,0.48745,502,0.41183,502,1.21619,502,1.29307,502,1.069,502,0.33937
501,1.33259,501,0.71565,501,0.49598,501,0.41815,501,1.21792,501,1.29477,501,1.08171,501,0.3431
500,1.33796,500,0.7279,500,0.50479,500,0.4248,500,1.21928,500,1.2964,500,1.09455,500,0.34712
499,1.34332,499,0.74054,499,0.51416,499,0.43173,499,1.221,499,1.29813,499,1.10753,499,0.35163
498,1.34807,498,0.75295,498,0.52388,498,0.4387,498,1.22257,498,1.29962,498,1.12019,498,0.35581
497,1.35346,497,0.7664,497,0.53366,497,0.44619,497,1.22403,497,1.30147,497,1.13327,497,0.36086
496,1.35799,496,0.77991,496,0.54376,496,0.45392,496,1.22552,496,1.30271,496,1.14591,496,0.36536
495,1.36263,495,0.79333,495,0.55438,495,0.4618,495,1.22682,495,1.30435,495,1.15845,495,0.37037
494,1.3663,494,0.80704,494,0.56562,494,0.46987,494,1.22786,494,1.30552,494,1.17055,494,0.37583
493,1.37057,493,0.82068,493,0.57668,493,0.47832,493,1.22908,493,1.30651,493,1.18288,493,0.38086
492,1.37405,492,0.8348,492,0.58786,492,0.48709,492,1.23009,492,1.30746,492,1.19449,492,0.38569
491,1.37745,491,0.8488,491,0.59952,491,0.49599,491,1.23106,491,1.30865,491,1.20633,491,0.39143
490,1.38076,490,0.86297,490,0.6115,490,0.50519,490,1.23173,490,1.30962,490,1.21757,490,0.39739
489,1.38371,489,0.87736,489,0.62384,489,0.51493,489,1.23279,489,1.31052,489,1.22875,489,0.40332
488,1.38582,488,0.89157,488,0.63601,488,0.52469,488,1.2331,488,1.311,488,1.23911,488,0.40923
487,1.38791,487,0.90531,487,0.64838,487,0.5346,487,1.23332,487,1.31129,487,1.24908,487,0.41531
486,1.39049,486,0.91999,486,0.66178,486,0.54525,486,1.23409,486,1.31204,486,1.2594,486,0.42213
485,1.39242,485,0.93381,485,0.67471,485,0.55587,485,1.23446,485,1.31265,485,1.26863,485,0.4288
484,1.39456,484,0.94793,484,0.68818,484,0.56686,484,1.2351,484,1.3133,484,1.27824,484,0.43642
483,1.39615,483,0.96178,483,0.70127,483,0.57812,483,1.2351,483,1.31341,483,1.28671,483,0.44322
482,1.39726,482,0.97509,482,0.71457,482,0.5893,482,1.23529,482,1.31388,482,1.29484,482,0.45059
481,1.39863,481,0.98883,481,0.72805,481,0.60096,481,1.23537,481,1.31395,481,1.30299,481,0.45804
480,1.3997,480,1.00201,480,0.74163,480,0.61273,480,1.23525,480,1.31395,480,1.31048,480,0.46579
479,1.40034,479,1.01491,479,0.75521,479,0.6245,479,1.235,479,1.31371,479,1.31767,479,0.4735
478,1.40154,478,1.02837,478,0.76932,478,0.6371,478,1.23522,478,1.31392,478,1.32503,478,0.48192
477,1.40234,477,1.04128,477,0.78333,477,0.64981,477,1.23524,477,1.31431,477,1.33225,477,0.4908
476,1.40325,476,1.05426,476,0.79745,476,0.6626,476,1.23492,476,1.31427,476,1.33896,476,0.49946
475,1.40422,475,1.06718,475,0.81204,475,0.67597,475,1.23511,475,1.31447,475,1.34565,475,0.50899
474,1.40581,474,1.08007,474,0.82653,474,0.68942,474,1.23518,474,1.31496,474,1.35218,474,0.51885
473,1.40588,473,1.09268,473,0.8409,473,0.70292,473,1.23503,473,1.31477,473,1.35799,473,0.52826
472,1.40616,472,1.10496,472,0.85508,472,0.71644,472,1.2342,472,1.31415,472,1.36359,472,0.53761
471,1.4062,471,1.11691,471,0.86893,471,0.73005,471,1.2337,471,1.31349,471,1.36902,471,0.54731
470,1.40633,470,1.12911,470,0.88393,470,0.74441,470,1.23347,470,1.31317,470,1.37431,470,0.55761
469,1.40653,469,1.14138,469,0.89854,469,0.75896,469,1.23293,469,1.31292,469,1.37965,469,0.5686
468,1.40645,468,1.15296,468,0.91305,468,0.77335,468,1.23234,468,1.31231,468,1.38411,468,0.57914
467,1.40622,467,1.16467,467,0.92817,467,0.78853,467,1.2317,467,1.31198,467,1.389,467,0.59097
466,1.40597,466,1.17617,466,0.94292,466,0.80333,466,1.23091,466,1.31137,466,1.39289,466,0.60226
465,1.40556,465,1.18727,465,0.95758,465,0.8183,465,1.23017,465,1.3107,465,1.39685,465,0.61415
464,1.40465,464,1.19814,464,0.97275,464,0.83369,464,1.22929,464,1.30963,464,1.40022,464,0.62605
463,1.40364,463,1.20822,463,0.98677,463,0.849,463,1.22817,463,1.30844,463,1.40324,463,0.6383
462,1.40197,462,1.21827,462,1.00052,462,0.86423,462,1.2266,462,1.3066,462,1.40558,462,0.65035
461,1.40098,461,1.22805,461,1.01475,461,0.88009,461,1.22545,461,1.30556,461,1.40798,461,0.66348
460,1.39944,460,1.23718,460,1.02896,460,0.8953,460,1.22409,460,1.30409,460,1.41001,460,0.67643
459,1.39768,459,1.24602,459,1.04286,459,0.91119,459,1.22264,459,1.30256,459,1.41141,459,0.69012
458,1.3959,458,1.25418,458,1.05651,458,0.92688,458,1.22117,458,1.30069,458,1.41248,458,0.70386
457,1.39369,457,1.26203,457,1.07048,457,0.94254,457,1.21965,457,1.29882,457,1.41318,457,0.71766
456,1.39104,456,1.26929,456,1.08345,456,0.95832,456,1.21771,456,1.29651,456,1.41311,456,0.73207
455,1.38848,455,1.27595,455,1.09565,455,0.97368,455,1.21575,455,1.29456,455,1.4129,455,0.74662
454,1.38528,454,1.28213,454,1.10743,454,0.98906,454,1.21376,454,1.29183,454,1.41222,454,0.76131
453,1.38242,453,1.28754,453,1.11907,453,1.00407,453,1.21174,453,1.28899,453,1.41105,453,0.77639
452,1.37873,452,1.29203,452,1.12947,452,1.0188,452,1.20924,452,1.28638,452,1.40953,452,0.79127
451,1.37549,451,1.29667,451,1.14005,451,1.03325,451,1.20705,451,1.2839,451,1.40784,451,0.80726
450,1.37213,450,1.30024,450,1.14973,450,1.0475,450,1.2046,450,1.2808,450,1.40528,450,0.82275
449,1.36789,449,1.30301,449,1.15852,449,1.06104,449,1.20257,449,1.27765,449,1.40283,449,0.83826
448,1.36414,448,1.30548,448,1.16683,448,1.07396,448,1.20005,448,1.27471,448,1.39972,448,0.85433
447,1.35982,447,1.30719,447,1.17439,447,1.08649,447,1.19763,447,1.2715,447,1.39654,447,0.87016
446,1.35591,446,1.30852,446,1.18153,446,1.09864,446,1.19521,446,1.26824,446,1.39324,446,0.88652
445,1.35204,445,1.30951,445,1.18787,445,1.11021,445,1.19304,445,1.26535,445,1.38964,445,0.90277
444,1.34766,444,1.30979,444,1.19373,444,1.12096,444,1.19044,444,1.2618,444,1.38595,444,0.91856
443,1.34363,443,1.31017,443,1.19877,443,1.13156,443,1.18815,443,1.25885,443,1.38208,443,0.93469
442,1.33896,442,1.30959,442,1.20318,442,1.14102,442,1.18565,442,1.25541,442,1.3777,442,0.95076
441,1.33495,441,1.30906,441,1.20718,441,1.15009,441,1.18334,441,1.25256,441,1.37416,441,0.96592
440,1.33142,440,1.3084,440,1.21105,440,1.1585,440,1.1815,440,1.24935,440,1.3702,440,0.98175
439,1.32733,439,1.30733,439,1.21392,439,1.16674,439,1.17908,439,1.24644,439,1.36636,439,0.99685
438,1.32394,438,1.3067,438,1.21714,438,1.17388,438,1.17741,438,1.24399,438,1.36302,438,1.01218
437,1.32019,437,1.30571,437,1.21962,437,1.18111,437,1.17537,437,1.2414,437,1.35947,437,1.02697
436,1.31714,436,1.30457,436,1.22256,436,1.18732,436,1.17376,436,1.23898,436,1.35619,436,1.04197
435,1.31377,435,1.30386,435,1.22497,435,1.19355,435,1.17192,435,1.23647,435,1.35309,435,1.05617
434,1.31123,434,1.30334,434,1.22726,434,1.19914,434,1.1706,434,1.23477,434,1.35053,434,1.07053
433,1.3084,433,1.30258,433,1.22896,433,1.20464,433,1.16914,433,1.23248,433,1.34804,433,1.08419
432,1.30581,432,1.30247,432,1.23089,432,1.21008,432,1.16787,432,1.23082,432,1.34544,432,1.09797
431,1.30351,431,1.302,431,1.23308,431,1.21503,431,1.16656,431,1.22914,431,1.34322,431,1.11102
430,1.30178,430,1.30181,430,1.23496,430,1.21953,430,1.16522,430,1.22755,430,1.3413,430,1.12341
429,1.30031,429,1.30184,429,1.2373,429,1.22403,429,1.16424,429,1.22601,429,1.33988,429,1.13571
428,1.29831,428,1.30197,428,1.23971,428,1.22828,428,1.16348,428,1.2246,428,1.33821,428,1.14753
427,1.29601,427,1.30256,427,1.2419,427,1.23226,427,1.16226,427,1.22296,427,1.33665,427,1.15859
426,1.29397,426,1.30296,426,1.2441,426,1.2363,426,1.16115,426,1.22165,426,1.33536,426,1.16907
425,1.29256,425,1.30408,425,1.24725,425,1.24033,425,1.16039,425,1.22036,425,1.33435,425,1.1796
424,1.2912,424,1.30462,424,1.25023,424,1.24462,424,1.15978,424,1.21962,424,1.33354,424,1.18992
423,1.28991,423,1.30589,423,1.25291,423,1.24809,423,1.15906,423,1.21872,423,1.3328,423,1.19932
422,1.28855,422,1.30715,422,1.25607,422,1.25212,422,1.15818,422,1.21727,422,1.33157,422,1.20794
421,1.28724,421,1.3086,421,1.25899,421,1.25602,421,1.1572,421,1.21597,421,1.33113,421,1.21706
420,1.28537,420,1.30965,420,1.26297,420,1.25962,420,1.15628,420,1.2148,420,1.33021,420,1.22502
419,1.28467,419,1.31118,419,1.26654,419,1.264,419,1.15588,419,1.21412,419,1.32982,419,1.23332
418,1.2835,418,1.31295,418,1.27013,418,1.26799,418,1.15507,418,1.21321,418,1.32938,418,1.24093
417,1.28254,417,1.31494,417,1.27386,417,1.2719,417,1.15452,417,1.21237,417,1.32955,417,1.24852
416,1.28114,416,1.31645,416,1.27752,416,1.27623,416,1.15317,416,1.21108,416,1.32871,416,1.25555
415,1.27924,415,1.31782,415,1.28136,415,1.28075,415,1.15211,415,1.2095,415,1.32783,415,1.26208
414,1.27821,414,1.31964,414,1.28538,414,1.28503,414,1.15159,414,1.20854,414,1.32738,414,1.26896
413,1.27679,413,1.32165,413,1.28906,413,1.28999,413,1.1505,413,1.20752,413,1.32695,413,1.2762
412,1.27543,412,1.32353,412,1.29313,412,1.2945,412,1.14954,412,1.20641,412,1.32633,412,1.28295
411,1.27394,411,1.32518,411,1.29741,411,1.29964,411,1.14863,411,1.20471,411,1.32558,411,1.28936
410,1.2724,410,1.32668,410,1.30157,410,1.30426,410,1.14733,410,1.20351,410,1.32469,410,1.2958
409,1.27078,409,1.3285,409,1.30638,409,1.30934,409,1.14665,409,1.20219,409,1.32427,409,1.30225
408,1.26903,408,1.32951,408,1.31,408,1.31442,408,1.14564,408,1.20076,408,1.323,408,1.30886
407,1.26682,407,1.33095,407,1.31392,407,1.31943,407,1.14361,407,1.19894,407,1.32151,407,1.31566
406,1.2642,406,1.33183,406,1.31761,406,1.32377,406,1.14247,406,1.19696,406,1.3197,406,1.32119
405,1.26259,405,1.33296,405,1.32144,405,1.32914,405,1.14102,405,1.19537,405,1.31862,405,1.32762
404,1.26044,404,1.33367,404,1.32468,404,1.33404,404,1.13972,404,1.19356,404,1.31665,404,1.33391
403,1.258,403,1.3336,403,1.3279,403,1.33875,403,1.13806,403,1.19138,403,1.31488,403,1.33961
402,1.25494,402,1.33401,402,1.33107,402,1.34295,402,1.13631,402,1.18935,402,1.31255,402,1.34585
401,1.25227,401,1.33357,401,1.33366,401,1.34698,401,1.13465,401,1.18718,401,1.30988,401,1.35149
400,1.24923,400,1.33295,400,1.33602,400,1.3511,400,1.13294,400,1.18445,400,1.30649,400,1.35685
399,1.24642,399,1.33199,399,1.33814,399,1.35485,399,1.1313,399,1.18218,399,1.30408,399,1.3622
398,1.2427,398,1.33092,398,1.33903,398,1.35716,398,1.12891,398,1.17935,398,1.30048,398,1.36677
397,1.23892,397,1.32909,397,1.34037,397,1.3601,397,1.12692,397,1.17657,397,1.29693,397,1.37168
396,1.23537,396,1.32707,396,1.34146,396,1.3618,396,1.12451,396,1.17392,396,1.29292,396,1.37582
395,1.23123,395,1.32425,395,1.34095,395,1.36445,395,1.12239,395,1.17048,395,1.28855,395,1.379
394,1.22679,394,1.32159,394,1.34078,394,1.36462,394,1.11994,394,1.1674,394,1.28436,394,1.38287
393,1.22235,393,1.31792,393,1.33957,393,1.36636,393,1.11709,393,1.16379,393,1.27915,393,1.3854
392,1.21763,392,1.31422,392,1.33779,392,1.36525,392,1.11447,392,1.16033,392,1.27351,392,1.38756
391,1.21275,391,1.3094,391,1.3352,391,1.36543,391,1.11189,391,1.15625,391,1.26823,391,1.38898
390,1.20777,390,1.30466,390,1.3319,390,1.36365,390,1.10903,390,1.15228,390,1.26248,390,1.39038
389,1.20169,389,1.29893,389,1.32907,389,1.36107,389,1.10579,389,1.14813,389,1.25574,389,1.38968
388,1.1956,388,1.29261,388,1.32508,388,1.35847,388,1.10252,388,1.14362,388,1.24913,388,1.38882
387,1.18995,387,1.28657,387,1.31981,387,1.35512,387,1.09967,387,1.13953,387,1.24229,387,1.38758
386,1.18386,386,1.27934,386,1.31357,386,1.34976,386,1.09592,386,1.13488,386,1.23496,386,1.38474
385,1.17772,385,1.27229,385,1.30791,385,1.34558,385,1.09297,385,1.13035,385,1.22739,385,1.38157
384,1.17127,384,1.26409,384,1.3011,384,1.33858,384,1.08919,384,1.1255,384,1.21988,384,1.37779
383,1.16497,383,1.25615,383,1.29399,383,1.33177,383,1.08545,383,1.12052,383,1.21215,383,1.37302
382,1.15844,382,1.2481,382,1.2856,382,1.32503,382,1.08203,382,1.11563,382,1.20389,382,1.36666
381,1.15166,381,1.23925,381,1.27743,381,1.31672,381,1.07829,381,1.11026,381,1.19576,381,1.35988
380,1.1449,380,1.23016,380,1.26853,380,1.3079,380,1.07454,380,1.10538,380,1.18748,380,1.35242
379,1.13853,379,1.22103,379,1.25936,379,1.29868,379,1.07092,379,1.1007,379,1.17908,379,1.3443
378,1.13104,378,1.21187,378,1.24987,378,1.28941,378,1.0673,378,1.09523,378,1.17052,378,1.33505
377,1.12433,377,1.20244,377,1.23989,377,1.27894,377,1.06359,377,1.0903,377,1.16234,377,1.32536
376,1.11728,376,1.19344,376,1.23061,376,1.26881,376,1.06017,376,1.08515,376,1.15388,376,1.31498
375,1.11125,375,1.18404,375,1.2205,375,1.25799,375,1.05639,375,1.08006,375,1.14599,375,1.30431
374,1.10448,374,1.17476,374,1.21052,374,1.24777,374,1.05282,374,1.07562,374,1.13761,374,1.29276
373,1.09813,373,1.16595,373,1.2006,373,1.23676,373,1.04933,373,1.07097,373,1.12965,373,1.28105
372,1.09158,372,1.15594,372,1.19016,372,1.22542,372,1.04571,372,1.06578,372,1.12144,372,1.2691
371,1.08515,371,1.14651,371,1.18001,371,1.21386,371,1.04233,371,1.06108,371,1.11325,371,1.25699
370,1.0777,370,1.13748,370,1.16976,370,1.20341,370,1.03874,370,1.05621,370,1.10549,370,1.24383
369,1.07226,369,1.12816,369,1.15942,369,1.19181,369,1.0354,369,1.05165,369,1.09784,369,1.23122
368,1.06704,368,1.11913,368,1.14945,368,1.18001,368,1.0319,368,1.04716,368,1.08963,368,1.21937
367,1.06065,367,1.10979,367,1.13905,367,1.16796,367,1.02876,367,1.04215,367,1.08223,367,1.20543
366,1.05481,366,1.10082,366,1.12853,366,1.1566,366,1.02592,366,1.0377,366,1.07428,366,1.19215
365,1.04916,365,1.09216,365,1.11876,365,1.14535,365,1.02236,365,1.03359,365,1.0671,365,1.17958
364,1.04355,364,1.08292,364,1.10855,364,1.13393,364,1.01902,364,1.02988,364,1.05965,364,1.16646
363,1.03814,363,1.07492,363,1.09932,363,1.12345,363,1.01692,363,1.02617,363,1.05301,363,1.15437
362,1.03224,362,1.06698,362,1.08875,362,1.11303,362,1.01411,362,1.02155,362,1.0466,362,1.14159
361,1.02775,361,1.05862,361,1.07956,361,1.10087,361,1.01109,361,1.01804,361,1.04033,361,1.12944
360,1.02307,360,1.05058,360,1.07073,360,1.09097,360,1.009,360,1.01465,360,1.03417,360,1.11668
359,1.01898,359,1.04373,359,1.06266,359,1.08017,359,1.00648,359,1.01183,359,1.02983,359,1.10501
358,1.01447,358,1.03671,358,1.05323,358,1.07072,358,1.00432,358,1.00839,358,1.02396,358,1.0935
357,1.01151,357,1.03177,357,1.04582,357,1.06139,357,1.00332,357,1.00676,357,1.01923,357,1.08303
356,1.00787,356,1.02526,356,1.03829,356,1.05292,356,1.00114,356,1.00318,356,1.01354,356,1.07163
355,1.00393,355,1.01916,355,1.03083,355,1.04472,355,0.9993,355,1.00142,355,1.00942,355,1.06155
354,1.00185,354,1.01535,354,1.02488,354,1.03696,354,0.99804,354,0.99999,354,1.00602,354,1.05262
353,1.00004,353,1.0107,353,1.01953,353,1.02924,353,0.99742,353,0.9985,353,1.00349,353,1.04456
352,0.99774,352,1.0066,352,1.01355,352,1.02314,352,0.99677,352,0.99866,352,1.00155,352,1.03632
351,0.99712,351,1.00412,351,1.01092,351,1.01736,351,0.99678,351,0.99794,351,1.00006,351,1.03015
350,0.99617,350,1.00049,350,1.00573,350,1.0124,350,0.99592,350,0.99501,350,0.99643,350,1.02223
349,0.99773,349,0.99974,349,1.00376,349,1.00727,349,0.99779,349,0.99822,349,0.99714,349,1.01648
348,0.99656,348,0.99836,348,1.00057,348,1.00435,348,0.99728,348,0.99682,348,0.99625,348,1.0098
347,0.99603,347,0.99798,347,0.99876,347,1.00132,347,0.99837,347,0.99639,347,0.99584,347,1.00542
346,0.99927,346,0.99877,346,0.9998,346,1.00051,346,0.99905,346,0.99974,346,0.99913,346,1.00317
345,1,345,1,345,1,345,1,345,1,345,1,345,1,345,1
344,1.00217,344,1.00223,344,1.00168,344,0.99988,344,1.00202,344,1.00214,344,1.00248,344,0.99722
343,1.00479,343,1.00464,343,1.00435,343,1.00176,343,1.00366,343,1.00452,343,1.00573,343,0.997
342,1.00726,342,1.00827,342,1.00693,342,1.00399,342,1.00442,342,1.00675,342,1.0083,342,0.99687
341,1.00907,341,1.01233,341,1.01127,341,1.00778,341,1.0067,341,1.00778,341,1.01194,341,0.99697
340,1.01262,340,1.01569,340,1.01544,340,1.01181,340,1.0071,340,1.00908,340,1.01409,340,0.99863
339,1.0139,339,1.02013,339,1.02006,339,1.01621,339,1.00857,339,1.01049,339,1.01803,339,1.00177
338,1.01562,338,1.0239,338,1.02422,338,1.02154,338,1.00955,338,1.01194,338,1.02129,338,1.00337
337,1.01682,337,1.02748,337,1.02907,337,1.02661,337,1.01022,337,1.0131,337,1.02278,337,1.00711
336,1.01958,336,1.03167,336,1.03474,336,1.03202,336,1.01079,336,1.01447,336,1.02518,336,1.01163
335,1.0205,335,1.03487,335,1.03883,335,1.03744,335,1.01202,335,1.01545,335,1.02795,335,1.01629
334,1.0218,334,1.03704,334,1.04405,334,1.04346,334,1.01277,334,1.01595,334,1.03015,334,1.02137
333,1.02263,333,1.04049,333,1.04743,333,1.04892,333,1.01336,333,1.01696,333,1.03128,333,1.02652
332,1.02426,332,1.04384,332,1.05192,332,1.05475,332,1.01378,332,1.01822,332,1.0336,332,1.03131
331,1.02557,331,1.04732,331,1.05603,331,1.06047,331,1.01551,331,1.01951,331,1.03576,331,1.0375
330,1.02754,330,1.0501,330,1.0604,330,1.06598,330,1.0161,330,1.02123,330,1.03828,330,1.04364
329,1.02868,329,1.05349,329,1.06438,329,1.07168,329,1.01597,329,1.02142,329,1.04005,329,1.04979
328,1.02956,328,1.05612,328,1.06804,328,1.07679,328,1.0174,328,1.02247,328,1.04207,328,1.05631
327,1.03043,327,1.05922,327,1.07277,327,1.08312,327,1.01815,327,1.02326,327,1.04404,327,1.0637
326,1.03209,326,1.06235,326,1.077,326,1.08874,326,1.01886,326,1.02388,326,1.04587,326,1.07143
325,1.03281,325,1.06513,325,1.0807,325,1.09475,325,1.01894,325,1.02515,325,1.04719,325,1.07927
324,1.03446,324,1.06777,324,1.08584,324,1.10023,324,1.01907,324,1.02501,324,1.04906,324,1.08754
323,1.03495,323,1.0713,323,1.08945,323,1.10658,323,1.01934,323,1.02523,323,1.05088,323,1.09634
322,1.0363,322,1.07373,322,1.09455,322,1.11379,322,1.02019,322,1.02665,322,1.05227,322,1.10693
321,1.03725,321,1.07709,321,1.09943,321,1.12003,321,1.02079,321,1.02735,321,1.05401,321,1.1171
320,1.03672,320,1.08,320,1.10336,320,1.12721,320,1.02087,320,1.02744,320,1.05524,320,1.12859
319,1.03765,319,1.08232,319,1.10758,319,1.1336,319,1.02111,319,1.02806,319,1.05624,319,1.14125
318,1.03884,318,1.08566,318,1.11218,318,1.14153,318,1.02227,318,1.02933,318,1.05823,318,1.15484
317,1.0386,317,1.08841,317,1.11726,317,1.14923,317,1.02207,317,1.02956,317,1.06016,317,1.16883
316,1.03968,316,1.09147,316,1.12196,316,1.15716,316,1.02335,316,1.02998,316,1.06104,316,1.18341
315,1.04093,315,1.094,315,1.12656,315,1.16559,315,1.02355,315,1.03042,315,1.0626,315,1.20019
314,1.04175,314,1.09736,314,1.13167,314,1.1734,314,1.02406,314,1.03142,314,1.0643,314,1.21651
313,1.0432,313,1.1006,313,1.13738,313,1.18121,313,1.02522,313,1.03225,313,1.0663,313,1.23478
312,1.04479,312,1.10336,312,1.14234,312,1.18927,312,1.02598,312,1.03386,312,1.06779,312,1.25275
311,1.04524,311,1.10739,311,1.14705,311,1.198,311,1.02679,311,1.03485,311,1.06993,311,1.27042
310,1.04686,310,1.11071,310,1.15296,310,1.20603,310,1.02814,310,1.03567,310,1.072,310,1.28939
309,1.04841,309,1.11357,309,1.15795,309,1.21397,309,1.02906,309,1.03716,309,1.07374,309,1.30811
308,1.04974,308,1.11749,308,1.16367,308,1.22168,308,1.0301,308,1.03778,308,1.07585,308,1.3256
307,1.05076,307,1.12117,307,1.1686,307,1.22957,307,1.03093,307,1.03951,307,1.07784,307,1.34369
306,1.05241,306,1.12469,306,1.17378,306,1.23721,306,1.03226,306,1.04103,306,1.08043,306,1.36179
305,1.0542,305,1.1285,305,1.18011,305,1.24509,305,1.03329,305,1.04225,305,1.08198,305,1.37902
304,1.05569,304,1.13244,304,1.18527,304,1.25288,304,1.03472,304,1.0438,304,1.085,304,1.39508
303,1.05741,303,1.13643,303,1.19083,303,1.2591,303,1.03614,303,1.04478,303,1.08754,303,1.41168
302,1.059,302,1.13944,302,1.19594,302,1.26742,302,1.03696,302,1.04639,302,1.08943,302,1.42718
301,1.06081,301,1.14363,301,1.20204,301,1.27413,301,1.03842,301,1.04818,301,1.09199,301,1.44255
300,1.06224,300,1.14829,300,1.20739,300,1.28193,300,1.03959,300,1.05005,300,1.09428,300,1.45657
299,1.0638,299,1.1515,299,1.21349,299,1.28829,299,1.04112,299,1.05147,299,1.0972,299,1.46998
298,1.06542,298,1.15533,298,1.21908,298,1.29564,298,1.04241,298,1.05303,298,1.0996,298,1.48302
297,1.06732,297,1.15919,297,1.22376,297,1.30182,297,1.04328,297,1.05473,297,1.10133,297,1.49469
296,1.06893,296,1.16345,296,1.23024,296,1.30889,296,1.04444,296,1.05691,296,1.10345,296,1.50724
295,1.07072,295,1.1673,295,1.23549,295,1.31525,295,1.0462,295,1.05775,295,1.1061,295,1.5178
294,1.07288,294,1.17082,294,1.24042,294,1.32057,294,1.04745,294,1.05943,294,1.10836,294,1.52838
293,1.07405,293,1.17502,293,1.24635,293,1.32784,293,1.04877,293,1.06088,293,1.11111,293,1.53872
292,1.07546,292,1.17837,292,1.25206,292,1.33335,292,1.04952,292,1.06276,292,1.11288,292,1.54755
291,1.07786,291,1.18288,291,1.25792,291,1.34027,291,1.0517,291,1.06448,291,1.11539,291,1.55688
290,1.07915,290,1.18647,290,1.26403,290,1.34701,290,1.05183,290,1.06588,290,1.11722,290,1.56551
289,1.081,289,1.19054,289,1.26938,289,1.35285,289,1.05291,289,1.0673,289,1.11959,289,1.57333
288,1.08281,288,1.19559,288,1.27588,288,1.35956,288,1.05441,288,1.0691,288,1.12257,288,1.5818
287,1.08452,287,1.19871,287,1.28192,287,1.36755,287,1.05604,287,1.07106,287,1.1251,287,1.58939
286,1.08699,286,1.20315,286,1.28833,286,1.37458,286,1.05683,286,1.07268,286,1.12733,286,1.59806
285,1.08892,285,1.2073,285,1.29513,285,1.38252,285,1.05811,285,1.07419,285,1.12994,285,1.60641
284,1.09101,284,1.21194,284,1.30172,284,1.39065,284,1.05946,284,1.07602,284,1.13295,284,1.61405
283,1.09237,283,1.21619,283,1.30802,283,1.3988,283,1.06059,283,1.07796,283,1.13496,283,1.62284
282,1.09437,282,1.22028,282,1.31502,282,1.40523,282,1.06097,282,1.07927,282,1.13743,282,1.63035
281,1.09591,281,1.22392,281,1.32172,281,1.4149,281,1.06216,281,1.0803,281,1.13938,281,1.63977
280,1.09725,280,1.22756,280,1.32803,280,1.42243,280,1.0624,280,1.08135,280,1.14165,280,1.64828
279,1.09791,279,1.23073,279,1.33368,279,1.42947,279,1.06266,279,1.0826,279,1.14273,279,1.65682
278,1.09888,278,1.23379,278,1.33883,278,1.43694,278,1.06305,278,1.08264,278,1.14358,278,1.66598
277,1.09934,277,1.23622,277,1.3439,277,1.44359,277,1.06285,277,1.08341,277,1.1447,277,1.67582
276,1.09962,276,1.23831,276,1.34912,276,1.45197,276,1.06298,276,1.08378,276,1.14455,276,1.68559
275,1.09917,275,1.23967,275,1.35281,275,1.4579,275,1.06207,275,1.08285,275,1.14507,275,1.69507
274,1.09852,274,1.24025,274,1.35614,274,1.46377,274,1.06139,274,1.08296,274,1.14438,274,1.70401
273,1.09793,273,1.24097,273,1.35982,273,1.47012,273,1.06107,273,1.08264,273,1.14417,273,1.71458
272,1.09701,272,1.24136,272,1.36201,272,1.47566,272,1.05978,272,1.08145,272,1.14277,272,1.72513
271,1.09524,271,1.24065,271,1.3638,271,1.47865,271,1.05857,271,1.08038,271,1.14131,271,1.73466
270,1.09392,270,1.23962,270,1.36517,270,1.4837,270,1.05748,270,1.07949,270,1.13966,270,1.74588
269,1.09211,269,1.2386,269,1.36602,269,1.48709,269,1.05619,269,1.07778,269,1.13758,269,1.75479
268,1.08994,268,1.23664,268,1.36629,268,1.48899,268,1.05467,268,1.07639,268,1.13491,268,1.76529
267,1.08772,267,1.23399,267,1.3656,267,1.49158,267,1.05293,267,1.07443,267,1.13242,267,1.77528
266,1.08501,266,1.23193,266,1.3652,266,1.49413,266,1.05159,266,1.07273,266,1.12953,266,1.78594
265,1.08291,265,1.22937,265,1.36431,265,1.49528,265,1.05,265,1.07117,265,1.12675,265,1.79743
264,1.08063,264,1.22694,264,1.36295,264,1.49661,264,1.04873,264,1.06918,264,1.12325,264,1.8077
263,1.07763,263,1.22385,263,1.36123,263,1.49854,263,1.04737,263,1.06739,263,1.12046,263,1.81925
262,1.07568,262,1.22007,262,1.35911,262,1.49849,262,1.04554,262,1.06562,262,1.11688,262,1.83055
261,1.07269,261,1.21706,261,1.35655,261,1.49761,261,1.04395,261,1.06322,261,1.11348,261,1.84257
260,1.07018,260,1.21297,260,1.3542,260,1.49827,260,1.04229,260,1.06204,260,1.11013,260,1.85413
259,1.06692,259,1.20879,259,1.35102,259,1.49691,259,1.04069,259,1.05952,259,1.10605,259,1.86583
258,1.0639,258,1.20437,258,1.34701,258,1.49543,258,1.03911,258,1.05723,258,1.10167,258,1.87772
257,1.06057,257,1.19916,257,1.34255,257,1.49396,257,1.03746,257,1.05504,257,1.09737,257,1.89007
256,1.05734,256,1.19413,256,1.33811,256,1.4909,256,1.0357,256,1.05275,256,1.09282,256,1.90265
255,1.05302,255,1.18827,255,1.33279,255,1.48732,255,1.03343,255,1.05016,255,1.08766,255,1.91612
254,1.04979,254,1.18303,254,1.32707,254,1.48252,254,1.03132,254,1.0475,254,1.08298,254,1.92893
253,1.04596,253,1.1764,253,1.32028,253,1.47897,253,1.02876,253,1.04482,253,1.07776,253,1.94335
252,1.04148,252,1.16968,252,1.31372,252,1.47346,252,1.02672,252,1.04176,252,1.072,252,1.95812
251,1.03733,251,1.16327,251,1.30692,251,1.46694,251,1.02462,251,1.03903,251,1.06639,251,1.97476
250,1.03361,250,1.15694,250,1.30006,250,1.4615,250,1.02273,250,1.03658,250,1.06127,250,1.99338
249,1.02918,249,1.15074,249,1.29315,249,1.45471,249,1.01998,249,1.03335,249,1.05605,249,2.01271
248,1.0255,248,1.14439,248,1.28543,248,1.44753,248,1.018,248,1.0307,248,1.05073,248,2.03502
247,1.02205,247,1.13807,247,1.27935,247,1.44047,247,1.01613,247,1.02873,247,1.0462,247,2.05823
246,1.01867,246,1.13239,246,1.27275,246,1.43363,246,1.01445,246,1.02621,246,1.04149,246,2.08441
245,1.01587,245,1.12715,245,1.2666,245,1.42838,245,1.01303,245,1.0245,245,1.03726,245,2.11311
244,1.01283,244,1.12208,244,1.26112,244,1.42232,244,1.01182,244,1.0226,244,1.03321,244,2.14387
243,1.0104,243,1.11736,243,1.25561,243,1.41593,243,1.0103,243,1.02056,243,1.02952,243,2.1752
242,1.00775,242,1.1125,242,1.25059,242,1.41092,242,1.00902,242,1.0192,242,1.02601,242,2.20866
241,1.00571,241,1.10881,241,1.24595,241,1.40627,241,1.00793,241,1.01807,241,1.02289,241,2.24499
240,1.00416,240,1.10535,240,1.24133,240,1.40186,240,1.00704,240,1.017,240,1.01979,240,2.28168
239,1.0018,239,1.10174,239,1.23764,239,1.39818,239,1.00626,239,1.01569,239,1.01752,239,2.31807
238,1.00083,238,1.09898,238,1.23428,238,1.39442,238,1.00536,238,1.01511,238,1.01523,238,2.35406
237,0.99917,237,1.09602,237,1.23101,237,1.39082,237,1.00484,237,1.01445,237,1.01285,237,2.38989
236,0.99785,236,1.09317,236,1.22829,236,1.38781,236,1.0037,236,1.01355,236,1.01058,236,2.42286
235,0.99658,235,1.09086,235,1.22537,235,1.38532,235,1.00318,235,1.01257,235,1.00885,235,2.45486
234,0.99488,234,1.08827,234,1.22295,234,1.38287,234,1.00203,234,1.01195,234,1.00686,234,2.48444
233,0.99353,233,1.08606,233,1.22007,233,1.38094,233,1.00113,233,1.01105,233,1.00497,233,2.5117
232,0.99226,232,1.08387,232,1.21745,232,1.37879,232,1.0002,232,1.00995,232,1.00298,232,2.53622
231,0.9909,231,1.08161,231,1.21529,231,1.3782,231,0.99928,231,1.00885,231,1.0013,231,2.55626
230,0.98976,230,1.07959,230,1.21311,230,1.37576,230,0.99808,230,1.00794,230,0.99913,230,2.57529
229,0.98754,229,1.07746,229,1.21016,229,1.37454,229,0.99709,229,1.00657,229,0.99684,229,2.59264
228,0.98593,228,1.07489,228,1.20761,228,1.37366,228,0.99565,228,1.00576,228,0.99519,228,2.60872
227,0.98435,227,1.07289,227,1.20572,227,1.37249,227,0.99449,227,1.00463,227,0.99302,227,2.62273
226,0.98203,226,1.07011,226,1.20311,226,1.37041,226,0.99335,226,1.00308,226,0.99063,226,2.63933
225,0.98082,225,1.06708,225,1.20003,225,1.37037,225,0.99242,225,1.00129,225,0.98825,225,2.65775
224,0.97862,224,1.06447,224,1.19705,224,1.36834,224,0.99104,224,0.99983,224,0.98596,224,2.67795
223,0.97685,223,1.06223,223,1.19441,223,1.36773,223,0.98952,223,0.99882,223,0.9835,223,2.70646
222,0.97528,222,1.05958,222,1.19149,222,1.36689,222,0.98864,222,0.99793,222,0.98117,222,2.73958
221,0.97308,221,1.05724,221,1.18884,221,1.36558,221,0.98726,221,0.99724,221,0.97914,221,2.7833
220,0.97136,220,1.05545,220,1.18587,220,1.36334,220,0.98665,220,0.99592,220,0.9771,220,2.83555
219,0.97056,219,1.05373,219,1.18361,219,1.36386,219,0.98596,219,0.9952,219,0.97574,219,2.89893
218,0.97007,218,1.05223,218,1.18173,218,1.36235,218,0.98624,218,0.99526,218,0.97495,218,2.9757
217,0.96998,217,1.05169,217,1.18021,217,1.36341,217,0.98609,217,0.99566,217,0.97412,217,3.05976
216,0.97026,216,1.05165,216,1.1797,216,1.36468,216,0.98618,216,0.99659,216,0.97369,216,3.15229
215,0.97092,215,1.05186,215,1.17949,215,1.36477,215,0.98623,215,0.99753,215,0.97404,215,3.25211
214,0.97161,214,1.05189,214,1.17942,214,1.36624,214,0.98715,214,0.99817,214,0.97497,214,3.36004
213,0.97178,213,1.05223,213,1.17883,213,1.36672,213,0.98745,213,0.99917,213,0.9747,213,3.46382
212,0.97254,212,1.05243,212,1.17806,212,1.36789,212,0.9876,212,1.00009,212,0.97476,212,3.55982
211,0.97367,211,1.05255,211,1.17645,211,1.36984,211,0.98849,211,1.00185,211,0.97464,211,3.65818
210,0.97464,210,1.05167,210,1.17303,210,1.36923,210,0.98901,210,1.00243,210,0.97433,210,3.74714
209,0.97405,209,1.04959,209,1.16946,209,1.36845,209,0.98835,209,1.00277,209,0.97283,209,3.82029
208,0.97389,208,1.04835,208,1.16379,208,1.36566,208,0.98861,208,1.00371,208,0.97161,208,3.87943
207,0.97223,207,1.04384,207,1.15586,207,1.36058,207,0.98811,207,1.00313,207,0.96945,207,3.9286
206,0.97104,206,1.03909,206,1.14529,206,1.35775,206,0.9888,206,1.00365,206,0.96609,206,3.95422
205,0.97075,205,1.03397,205,1.13403,205,1.34851,205,0.9872,205,1.00336,205,0.96299,205,3.96271
204,0.968,204,1.02783,204,1.12075,204,1.34234,204,0.98609,204,1.00177,204,0.9589,204,3.96725
203,0.96489,203,1.02143,203,1.10349,203,1.3291,203,0.98518,203,1.00108,203,0.95538,203,3.95069
202,0.96154,202,1.01397,202,1.08527,202,1.32094,202,0.98297,202,0.99762,202,0.94977,202,3.92168
201,0.96015,201,1.00771,201,1.06473,201,1.31431,201,0.98192,201,0.997,201,0.94609,201,3.87696
200,0.96121,200,0.99994,200,1.04616,200,1.30031,200,0.98119,200,0.99687,200,0.94305,200,3.85978
