1-2k,,2-3k,,3-4k,,4-5k,,5-6k,,6-7.5k,,7.5-10k,
Wavelength (nm),,Wavelength (nm),,Wavelength (nm),,Wavelength (nm),,Wavelength (nm),,Wavelength (nm),,Wavelength (nm),
800,3.3436,800,1.0003,800,0.52323,800,0.42556,800,0.33049,800,0.39835,800,0.37257
799,3.17318,799,1.06889,799,0.57501,799,0.34496,799,0.33665,799,0.36832,799,0.36451
798,3.2648,798,1.05105,798,0.58349,798,0.40142,798,0.37345,798,0.39058,798,0.39936
797,3.53075,797,1.18244,797,0.63434,797,0.37613,797,0.41909,797,0.49409,797,0.47426
796,3.18759,796,1.11154,796,0.61873,796,0.38952,796,0.45055,796,0.44174,796,0.54929
795,3.55506,795,1.1044,795,0.51695,795,0.38545,795,0.34187,795,0.36351,795,0.44818
794,3.24814,794,0.91222,794,0.58871,794,0.41117,794,0.36232,794,0.34593,794,0.37145
793,3.27216,793,1.10626,793,0.6111,793,0.36658,793,0.3726,793,0.3343,793,0.47126
792,3.26713,792,1.02759,792,0.45992,792,0.37015,792,0.3557,792,0.38111,792,0.37346
791,3.57735,791,1.15857,791,0.62934,791,0.45415,791,0.46554,791,0.476,791,0.53913
790,3.45878,790,1.14094,790,0.57898,790,0.42412,790,0.39461,790,0.48411,790,0.46608
789,3.12215,789,1.09453,789,0.50354,789,0.40119,789,0.3732,789,0.33091,789,0.37682
788,3.42374,788,1.15775,788,0.5332,788,0.44718,788,0.43621,788,0.39329,788,0.40176
787,3.53015,787,1.20924,787,0.58544,787,0.39755,787,0.37419,787,0.34946,787,0.4055
786,3.33519,786,1.1352,786,0.56131,786,0.41467,786,0.44865,786,0.33247,786,0.44939
785,3.76037,785,1.28848,785,0.72069,785,0.39426,785,0.52024,785,0.54653,785,0.58056
784,3.76375,784,1.15482,784,0.65457,784,0.31608,784,0.46458,784,0.37542,784,0.42151
783,3.79857,783,1.2284,783,0.6501,783,0.38837,783,0.43081,783,0.45283,783,0.5366
782,3.56181,782,1.24446,782,0.58275,782,0.46951,782,0.4125,782,0.31333,782,0.41266
781,3.62627,781,1.15147,781,0.63222,781,0.40216,781,0.48698,781,0.428,781,0.35722
780,3.79827,780,1.10432,780,0.62913,780,0.36517,780,0.48108,780,0.43648,780,0.42458
779,3.68248,779,1.15333,779,0.59222,779,0.35586,779,0.40287,779,0.40697,779,0.46112
778,3.92006,778,1.26275,778,0.56859,778,0.46719,778,0.42718,778,0.40401,778,0.53347
777,3.81823,777,1.2765,777,0.57707,777,0.43118,777,0.44899,777,0.45049,777,0.49108
776,3.72233,776,1.33877,776,0.63285,776,0.47701,776,0.4744,776,0.44981,776,0.48539
775,4.09138,775,1.39179,775,0.75798,775,0.50371,775,0.53279,775,0.54935,775,0.54872
774,4.0357,774,1.31866,774,0.77977,774,0.50505,774,0.44214,774,0.45409,774,0.53523
773,3.87211,773,1.17203,773,0.58715,773,0.48226,773,0.39234,773,0.451,773,0.47286
772,3.93102,772,1.32643,772,0.68048,772,0.48017,772,0.45873,772,0.47,772,0.47087
771,3.78499,771,1.34732,771,0.70269,771,0.43767,771,0.42076,771,0.3744,771,0.41969
770,3.95083,770,1.33084,770,0.68115,770,0.47634,770,0.46461,770,0.48995,770,0.46579
769,3.93477,769,1.29162,769,0.61873,769,0.46847,769,0.40869,769,0.47071,769,0.44536
768,3.91391,768,1.24677,768,0.64989,768,0.38545,768,0.36226,768,0.36927,768,0.42829
767,4.06219,767,1.30252,767,0.72892,767,0.48996,767,0.33693,767,0.4186,767,0.48763
766,4.15681,766,1.42544,766,0.69077,766,0.50566,766,0.47315,766,0.47556,766,0.49108
765,4.04695,765,1.31197,765,0.64382,765,0.46706,765,0.43516,765,0.51827,765,0.53673
764,4.25369,764,1.31883,764,0.72704,764,0.47543,764,0.44124,764,0.44947,764,0.46966
763,4.06384,763,1.27427,763,0.677,763,0.43236,763,0.44115,763,0.43034,763,0.42666
762,4.28979,762,1.4133,762,0.70741,762,0.506,762,0.48568,762,0.4718,762,0.54127
761,4.29151,761,1.41851,761,0.74634,761,0.51084,761,0.48057,761,0.47485,761,0.52599
760,4.35875,760,1.47297,760,0.69936,760,0.50848,760,0.4913,760,0.48201,760,0.45943
759,4.25317,759,1.35752,759,0.68864,759,0.45673,759,0.41,759,0.43838,759,0.48958
758,4.27298,758,1.40344,758,0.71554,758,0.4412,758,0.38683,758,0.39808,758,0.41908
757,4.26472,757,1.428,757,0.75582,757,0.47681,757,0.4328,757,0.44978,757,0.54392
756,4.43416,756,1.44312,756,0.67579,756,0.45408,756,0.44047,756,0.44669,756,0.48468
755,4.47258,755,1.46001,755,0.71955,755,0.45499,755,0.50141,755,0.49704,755,0.49511
754,4.4602,754,1.45361,754,0.6835,754,0.49174,754,0.49059,754,0.51003,754,0.49763
753,4.40092,753,1.45769,753,0.71941,753,0.45754,753,0.45583,753,0.47875,753,0.45214
752,4.61966,752,1.5025,752,0.73158,752,0.5181,752,0.48485,752,0.5159,752,0.51611
751,4.49795,751,1.44023,751,0.67895,751,0.4453,751,0.4449,751,0.43512,751,0.51454
750,4.58815,750,1.49465,750,0.72587,750,0.44453,750,0.50737,750,0.44276,750,0.54069
749,4.44002,749,1.43317,749,0.70344,749,0.42694,749,0.4524,749,0.42573,749,0.49507
748,4.60863,748,1.4849,748,0.74138,748,0.45559,748,0.48514,748,0.48584,748,0.48094
747,4.75196,747,1.51942,747,0.75837,747,0.54399,747,0.53162,747,0.53615,747,0.50658
746,4.79113,746,1.60027,746,0.74095,746,0.564,746,0.49601,746,0.55081,746,0.5148
745,4.71444,745,1.53953,745,0.72949,745,0.52136,745,0.45413,745,0.48968,745,0.50431
744,4.72435,744,1.53966,744,0.75759,744,0.51975,744,0.46001,744,0.45616,744,0.54769
743,4.80599,743,1.58025,743,0.80564,743,0.52351,743,0.52626,743,0.50406,743,0.52442
742,4.79744,742,1.59482,742,0.81753,742,0.5406,742,0.4869,742,0.53466,742,0.56489
741,4.89401,741,1.61155,741,0.80824,741,0.50132,741,0.4934,741,0.52882,741,0.58494
740,5.01018,740,1.64198,740,0.80061,740,0.55085,740,0.56564,740,0.56088,740,0.55962
739,4.9067,739,1.61758,739,0.7384,739,0.5636,739,0.48051,739,0.54172,739,0.48989
738,4.84816,738,1.55101,738,0.72537,738,0.46827,738,0.41948,738,0.45154,738,0.45898
737,4.98616,737,1.56811,737,0.71281,737,0.47903,737,0.47869,737,0.44466,737,0.52535
736,5.11981,736,1.57661,736,0.75806,736,0.50475,736,0.49539,736,0.47685,736,0.56202
735,5.03899,735,1.65606,735,0.81697,735,0.51894,735,0.503,735,0.51797,735,0.56154
734,5.04387,734,1.68736,734,0.85206,734,0.52473,734,0.49252,734,0.46786,734,0.55038
733,5.06923,733,1.69186,733,0.80955,733,0.53962,733,0.49939,733,0.50983,733,0.5452
732,5.14585,732,1.72105,732,0.80359,732,0.52869,732,0.49647,732,0.50274,732,0.54293
731,5.1884,731,1.72316,731,0.80518,731,0.5713,731,0.52146,731,0.51481,731,0.55275
730,5.21466,730,1.72766,730,0.82098,730,0.57426,730,0.50289,730,0.51943,730,0.54894
729,5.43003,729,1.79951,729,0.82513,729,0.57009,729,0.53926,729,0.53625,729,0.57631
728,5.43423,728,1.77089,728,0.84081,728,0.52711,728,0.48474,728,0.51135,728,0.56502
727,5.43288,727,1.77994,727,0.8861,727,0.54961,727,0.52052,727,0.55776,727,0.56784
726,5.39326,726,1.73794,726,0.8406,726,0.56205,726,0.52299,726,0.53463,726,0.58165
725,5.50995,725,1.84398,725,0.84301,725,0.5675,725,0.55778,725,0.52798,725,0.58034
724,5.46155,724,1.8285,724,0.85075,724,0.53841,724,0.53702,724,0.52204,724,0.54757
723,5.50425,723,1.80934,723,0.87286,723,0.55327,723,0.53875,723,0.55926,723,0.54901
722,5.56803,722,1.85947,722,0.90515,722,0.55274,722,0.52972,722,0.5295,722,0.56713
721,5.71519,721,1.86289,721,0.92911,721,0.6026,721,0.54506,721,0.54545,721,0.58129
720,5.82602,720,1.91798,720,0.95182,720,0.6412,720,0.59535,720,0.61418,720,0.63376
719,5.80441,719,1.96645,719,0.95015,719,0.60997,719,0.57888,719,0.60387,719,0.60943
718,5.7389,718,1.91967,718,0.91026,718,0.55882,718,0.57121,718,0.55138,718,0.57161
717,5.74963,717,1.93391,717,0.90416,717,0.56575,717,0.56988,717,0.5463,717,0.57257
716,5.89543,716,1.96703,716,0.91569,716,0.60048,716,0.57184,716,0.5921,716,0.60252
715,6.07208,715,1.97298,715,0.95249,715,0.6673,715,0.57206,715,0.6115,715,0.64357
714,6.04311,714,1.97958,714,0.93805,714,0.60354,714,0.56493,714,0.60393,714,0.60367
713,6.03981,713,2.00647,713,0.96381,713,0.61377,713,0.60483,713,0.59983,713,0.60892
712,6.11395,712,1.99788,712,0.97957,712,0.62506,712,0.62116,712,0.60414,712,0.63014
711,6.17894,711,2.04173,711,0.95193,711,0.63135,711,0.58899,711,0.58799,711,0.61563
710,6.21796,710,2.07522,710,0.96669,710,0.62247,710,0.60727,710,0.61021,710,0.639
709,6.25848,709,2.05399,709,0.95111,709,0.61498,709,0.582,709,0.59783,709,0.61464
708,6.31341,708,2.07707,708,0.9641,708,0.59527,708,0.58515,708,0.58205,708,0.60265
707,6.37742,707,2.12109,707,0.99898,707,0.63949,707,0.60174,707,0.60258,707,0.60159
706,6.4821,706,2.14876,706,1.03646,706,0.66296,706,0.62059,706,0.63694,706,0.63545
705,6.56292,705,2.17861,705,1.02876,705,0.64043,705,0.64655,705,0.64275,705,0.6593
704,6.57838,704,2.20269,704,1.047,704,0.67281,704,0.6269,704,0.63979,704,0.63292
703,6.69372,703,2.26578,703,1.07195,703,0.69188,703,0.65433,703,0.67453,703,0.66636
702,6.73372,702,2.24736,702,1.04863,702,0.66777,702,0.62255,702,0.64889,702,0.65198
701,6.75675,701,2.24972,701,1.03653,701,0.67184,701,0.63272,701,0.63131,701,0.66505
700,6.83667,700,2.30108,700,1.08302,700,0.67234,700,0.65277,700,0.64407,700,0.6624
699,6.94383,699,2.34151,699,1.11169,699,0.70237,699,0.6869,699,0.66921,699,0.6539
698,6.96229,698,2.35303,698,1.10825,698,0.69484,698,0.68639,698,0.67202,698,0.667
697,7.04071,697,2.35881,697,1.12124,697,0.70378,697,0.68403,697,0.68044,697,0.6984
696,7.201,696,2.41922,696,1.15282,696,0.73848,696,0.69462,696,0.70374,696,0.71189
695,7.27634,695,2.44515,695,1.16191,695,0.752,695,0.69377,695,0.67782,695,0.71892
694,7.3038,694,2.46951,694,1.16507,694,0.75519,694,0.67722,694,0.65933,694,0.72151
693,7.43902,693,2.48789,693,1.1854,693,0.77362,693,0.69894,693,0.68627,693,0.74482
692,7.55346,692,2.52262,692,1.209,692,0.78556,692,0.73148,692,0.70571,692,0.73865
691,7.54671,691,2.58736,691,1.20751,691,0.80392,691,0.74355,691,0.74622,691,0.74306
690,7.63563,690,2.60376,690,1.22468,690,0.79517,690,0.73691,690,0.73821,690,0.73203
689,7.69934,689,2.59112,689,1.2266,689,0.74901,689,0.72226,689,0.71222,689,0.71042
688,7.81303,688,2.66152,688,1.25442,688,0.77413,688,0.72995,688,0.75456,688,0.75054
687,7.90098,687,2.7081,687,1.27497,687,0.79322,687,0.7377,687,0.75901,687,0.74207
686,7.9947,686,2.7344,686,1.32008,686,0.81216,686,0.74503,686,0.72773,686,0.74635
685,8.06674,685,2.73663,685,1.33349,685,0.81158,685,0.75585,685,0.73702,685,0.76313
684,8.09713,684,2.76434,684,1.31823,684,0.81216,684,0.75307,684,0.73414,684,0.76665
683,8.25629,683,2.86831,683,1.3375,683,0.84746,683,0.77232,683,0.75792,683,0.77426
682,8.43242,682,2.93389,682,1.37185,682,0.86697,682,0.80469,682,0.79453,682,0.79686
681,8.53034,681,2.95094,681,1.42026,681,0.89067,681,0.81006,681,0.7913,681,0.81464
680,8.61927,680,2.98278,680,1.46373,680,0.93119,680,0.82937,680,0.80481,680,0.81934
679,8.77843,679,3.05272,679,1.49478,679,0.95298,679,0.87032,679,0.86879,679,0.84929
678,8.90052,678,3.10719,678,1.52353,678,0.94797,678,0.88435,678,0.89135,678,0.8334
677,9.05991,677,3.15277,677,1.54496,677,0.9671,677,0.88415,677,0.88578,677,0.85019
676,9.22545,676,3.22561,676,1.59482,676,1.02679,676,0.93095,676,0.9098,676,0.89705
675,9.34784,675,3.30795,675,1.61555,675,1.02453,675,0.94923,675,0.91092,675,0.92061
674,9.51008,674,3.37538,674,1.63397,674,1.03035,674,0.95,674,0.91326,674,0.93634
673,9.63172,673,3.43786,673,1.65714,673,1.05833,673,0.97471,673,0.94661,673,0.94373
672,9.74818,672,3.48022,672,1.69937,672,1.08893,672,0.9763,672,0.96259,672,0.95811
671,9.93698,671,3.55843,671,1.7646,671,1.12676,671,1.01662,671,0.99407,671,0.99203
670,10.10845,670,3.65472,670,1.81538,670,1.14848,670,1.05331,670,1.02169,670,1.00757
669,10.2325,669,3.72376,669,1.86208,669,1.17834,669,1.05876,669,1.03271,669,1.02439
668,10.45754,668,3.8011,668,1.91702,668,1.20557,668,1.09102,668,1.07024,668,1.05869
667,10.66203,667,3.89768,667,1.94938,667,1.23449,667,1.1128,667,1.07624,667,1.0679
666,10.84655,666,3.98832,666,1.97976,666,1.27316,666,1.14452,666,1.07068,666,1.06902
665,11.07243,665,4.08845,665,2.0474,665,1.30716,665,1.19021,665,1.0971,665,1.09932
664,11.23377,664,4.18148,664,2.10752,664,1.34983,664,1.21035,664,1.13222,664,1.12365
663,11.46046,663,4.29149,663,2.18534,663,1.39778,663,1.25987,663,1.18317,663,1.16134
662,11.69954,662,4.40054,662,2.27945,662,1.42468,662,1.30849,662,1.23593,662,1.20655
661,11.99978,661,4.53742,661,2.36551,661,1.48769,661,1.3445,661,1.28478,661,1.24027
660,12.29147,660,4.70565,660,2.43741,660,1.56701,660,1.38973,660,1.32104,660,1.27311
659,12.46376,659,4.82775,659,2.4966,659,1.60642,659,1.42906,659,1.33855,659,1.28394
658,12.70171,658,4.93317,658,2.54852,658,1.63726,658,1.47004,658,1.36559,658,1.32397
657,13.07189,657,5.09532,657,2.66776,657,1.71412,657,1.52735,657,1.43493,657,1.38353
656,13.43201,656,5.30991,656,2.82231,656,1.8076,656,1.60393,656,1.5228,656,1.43621
655,13.76609,655,5.49916,655,2.93094,655,1.8802,655,1.6787,655,1.57528,655,1.48724
654,14.06438,654,5.65945,654,3.0285,654,1.94241,654,1.7251,654,1.62098,654,1.51847
653,14.38638,653,5.82078,653,3.12513,653,2.00448,653,1.78173,653,1.66722,653,1.55248
652,14.8301,652,6.0542,652,3.27755,652,2.1101,652,1.87831,652,1.75722,652,1.64005
651,15.15157,651,6.2994,651,3.41042,651,2.19322,651,1.95063,651,1.82239,651,1.69663
650,15.52775,650,6.53142,650,3.53991,650,2.27826,650,2.01646,650,1.85991,650,1.74018
649,15.99803,649,6.78545,649,3.71852,649,2.39625,649,2.10699,649,1.94103,649,1.81508
648,16.42652,648,7.0536,648,3.87804,648,2.509,648,2.207,648,2.03021,648,1.8715
647,16.90393,647,7.33793,647,4.06804,647,2.63341,647,2.31205,647,2.11842,647,1.94532
646,17.3989,646,7.66447,646,4.29821,646,2.76448,646,2.43143,646,2.21602,646,2.03889
645,17.91443,645,8.02057,645,4.53091,645,2.92205,645,2.57287,645,2.32204,645,2.14222
644,18.51656,644,8.34389,644,4.73294,644,3.05608,644,2.6803,644,2.42816,644,2.23068
643,19.00169,643,8.70206,643,4.94995,643,3.1961,643,2.77688,643,2.53946,643,2.31725
642,19.46207,642,9.1016,642,5.18381,642,3.369,642,2.9219,642,2.6637,642,2.42288
641,20.00709,641,9.51242,641,5.42886,641,3.52301,641,3.06488,641,2.7897,641,2.5254
640,20.5693,640,9.92096,640,5.73249,640,3.71531,640,3.24225,640,2.9387,640,2.6418
639,21.10119,639,10.3063,639,6.03399,639,3.91437,639,3.39441,639,3.07626,639,2.74874
638,21.584,638,10.7264,638,6.30643,638,4.10096,638,3.53736,638,3.21081,638,2.8565
637,22.02809,637,11.16848,637,6.60659,637,4.3204,637,3.73355,637,3.36642,637,3.01325
636,22.41425,636,11.56769,636,6.92964,636,4.5353,636,3.91865,636,3.52143,636,3.15519
635,22.74916,635,11.92656,635,7.22458,635,4.74684,635,4.11357,635,3.67884,635,3.27325
634,23.07304,634,12.26268,634,7.49222,634,4.95337,634,4.28489,634,3.83822,634,3.42671
633,23.29501,633,12.59991,633,7.7686,633,5.15303,633,4.44749,633,4.00194,633,3.55906
632,23.39586,632,12.91385,632,8.04921,632,5.38629,632,4.66297,632,4.17622,632,3.6855
631,23.48704,631,13.14546,631,8.30674,631,5.59067,631,4.86311,631,4.359,631,3.85228
630,23.49349,630,13.362,630,8.52652,630,5.78163,630,5.03906,630,4.53335,630,4.02095
629,23.37815,629,13.52493,629,8.71322,629,5.97434,629,5.21475,629,4.68024,629,4.17517
628,23.22027,628,13.62664,628,8.90698,628,6.14704,628,5.40243,628,4.84003,628,4.31887
627,23.06276,627,13.68164,627,9.06348,627,6.3004,627,5.58698,627,5.01925,627,4.46001
626,22.74158,626,13.6467,626,9.14695,626,6.41056,626,5.71969,626,5.13117,626,4.58773
625,22.36735,625,13.52403,625,9.19177,625,6.4993,625,5.81379,625,5.22423,625,4.69652
624,21.97069,624,13.38859,624,9.20834,624,6.58306,624,5.92312,624,5.32227,624,4.81158
623,21.45628,623,13.2133,623,9.14354,623,6.60468,623,5.99247,623,5.39379,623,4.88971
622,21.00866,622,13.04677,622,9.0851,622,6.62035,622,6.05034,622,5.48895,622,4.98402
621,20.6156,621,12.75822,621,8.98743,621,6.61554,621,6.09163,621,5.54414,621,5.06068
620,20.17984,620,12.48706,620,8.85293,620,6.54802,620,6.08459,620,5.55849,620,5.11004
619,19.77732,619,12.21878,619,8.67922,619,6.4692,619,6.0554,619,5.53834,619,5.13987
618,19.3411,618,11.88993,618,8.49334,618,6.39395,618,6.00596,618,5.52063,618,5.16528
617,18.96965,617,11.64078,617,8.33442,617,6.3113,617,5.97171,617,5.55279,617,5.20224
616,18.64375,616,11.40029,616,8.14236,616,6.2042,616,5.90376,616,5.54357,616,5.23162
615,18.3682,615,11.15708,615,7.96709,615,6.10736,615,5.82688,615,5.51863,615,5.25659
614,18.13017,614,10.94034,614,7.83259,614,6.00147,614,5.77983,614,5.48871,614,5.29054
613,17.9151,613,10.72962,613,7.63968,613,5.89283,613,5.70429,613,5.43267,613,5.26311
612,17.73981,612,10.54658,612,7.50195,612,5.77194,612,5.63461,612,5.38548,612,5.22996
611,17.61359,611,10.3653,611,7.34633,611,5.64454,611,5.53502,611,5.29612,611,5.15867
610,17.46456,610,10.21484,610,7.21925,610,5.53953,610,5.43884,610,5.22294,610,5.06739
609,17.35357,609,10.06746,609,7.10015,609,5.44221,609,5.32258,609,5.12751,609,4.97081
608,17.30382,608,9.95734,608,6.99011,608,5.35166,608,5.21106,608,4.99646,608,4.84166
607,17.22638,607,9.8449,607,6.85469,607,5.24352,607,5.09066,607,4.8803,607,4.71602
606,17.2131,606,9.74576,606,6.75046,606,5.14016,606,5.00115,606,4.78025,606,4.60813
605,17.15591,605,9.66772,605,6.67189,605,5.03487,605,4.90031,605,4.6589,605,4.50106
604,17.14061,604,9.57592,604,6.57866,604,4.96033,604,4.80404,604,4.56649,604,4.41385
603,17.21129,603,9.53554,603,6.52163,603,4.93151,603,4.72678,603,4.50118,603,4.35189
602,17.19756,602,9.47629,602,6.46514,602,4.86846,602,4.63113,602,4.43669,602,4.27012
601,17.19816,601,9.42058,601,6.37436,601,4.79926,601,4.57139,601,4.34666,601,4.20483
600,17.23989,600,9.39754,600,6.32471,600,4.73443,600,4.51544,600,4.30313,600,4.14745
599,17.28641,599,9.38123,599,6.26076,599,4.67915,599,4.44982,599,4.23053,599,4.0885
598,17.36798,598,9.35922,598,6.24681,598,4.6272,598,4.40504,598,4.17991,598,4.04058
597,17.39079,597,9.35055,597,6.18539,597,4.58214,597,4.33529,597,4.13188,597,3.98415
596,17.48429,596,9.33779,596,6.1675,596,4.56049,596,4.30459,596,4.10585,596,3.95305
595,17.56511,595,9.31343,595,6.11171,595,4.51687,595,4.25618,595,4.05229,595,3.90474
594,17.59108,594,9.32784,594,6.09273,594,4.49226,594,4.21937,594,4.02379,594,3.865
593,17.65366,593,9.33651,593,6.07889,593,4.47259,593,4.19157,593,4.00194,593,3.83383
592,17.7786,592,9.3681,592,6.07158,592,4.44505,592,4.16559,592,3.96968,592,3.79975
591,17.89252,591,9.39118,591,6.07605,591,4.44982,591,4.14636,591,3.94973,591,3.78553
590,17.93176,590,9.41773,590,6.07349,590,4.42414,590,4.118,590,3.93226,590,3.76788
589,18.04935,589,9.42727,589,6.07001,589,4.42067,589,4.10099,589,3.90956,589,3.74841
588,18.18247,588,9.44305,588,6.05731,588,4.39555,588,4.06927,588,3.87825,588,3.71954
587,18.21407,587,9.4397,587,6.03371,587,4.35759,587,4.04195,587,3.85003,587,3.68102
586,18.34726,586,9.49953,586,6.01827,586,4.36008,586,4.02999,586,3.83323,586,3.68812
585,18.43986,585,9.52613,585,6.01739,585,4.35174,585,4.0167,585,3.82058,585,3.65704
584,18.58859,584,9.59186,584,6.06292,584,4.34559,584,4.02074,584,3.81213,584,3.64985
583,18.72277,583,9.62424,583,6.08985,583,4.35944,583,4.00435,583,3.8144,583,3.62629
582,18.80449,582,9.6332,582,6.06043,582,4.33997,582,3.98203,582,3.78231,582,3.61126
581,18.94571,581,9.69402,581,6.07789,581,4.35994,581,4.00932,581,3.7891,581,3.62207
580,19.09167,580,9.76669,580,6.10298,580,4.36697,580,3.99237,580,3.78994,580,3.6221
579,19.17556,579,9.79287,579,6.09298,579,4.32871,579,3.96672,579,3.76732,579,3.56427
578,19.33833,578,9.88144,578,6.11459,578,4.378,578,3.99098,578,3.78285,578,3.5925
577,19.47903,577,9.92418,577,6.13027,577,4.35981,577,3.97618,577,3.74998,577,3.58246
576,19.6165,576,9.98141,576,6.13978,576,4.36139,576,3.97007,576,3.74469,576,3.58799
575,19.79713,575,10.06173,575,6.17765,575,4.37807,575,3.99254,575,3.75867,575,3.58585
574,19.97107,574,10.13077,574,6.21072,574,4.39925,574,4.00892,574,3.77929,574,3.60126
573,20.17526,573,10.19943,573,6.26069,573,4.43402,573,4.02721,573,3.78241,573,3.6151
572,20.29855,572,10.27037,572,6.27421,572,4.42336,572,4.0079,572,3.76433,572,3.59704
571,20.45824,571,10.3663,571,6.30775,571,4.43933,571,4.02281,571,3.78068,571,3.60951
570,20.63016,570,10.43104,570,6.31811,570,4.43614,570,4.0177,570,3.76704,570,3.59333
569,20.78436,569,10.48811,569,6.35686,569,4.455,569,4.02204,569,3.77661,569,3.58748
568,21.00551,568,10.59101,568,6.42021,568,4.48369,568,4.05277,568,3.80029,568,3.59963
567,21.19049,567,10.67743,567,6.43916,567,4.51277,567,4.05299,567,3.80545,567,3.61718
566,21.45553,566,10.8125,566,6.50751,566,4.56778,566,4.10101,566,3.83788,566,3.6314
565,21.67015,565,10.92188,565,6.55205,565,4.58668,565,4.11587,565,3.85817,565,3.64422
564,21.82293,564,11.00802,564,6.61408,564,4.60396,564,4.12316,564,3.88714,564,3.66251
563,22.08535,563,11.1563,563,6.67835,563,4.63436,563,4.14918,563,3.88687,563,3.68319
562,22.27678,562,11.27175,562,6.73981,562,4.68749,562,4.20432,562,3.92788,562,3.71357
561,22.5413,561,11.38906,561,6.80135,561,4.72572,561,4.20276,561,3.92235,561,3.70589
560,22.84641,560,11.53689,560,6.90377,560,4.77162,560,4.24397,560,3.96317,560,3.74848
559,23.06883,559,11.71539,559,6.96889,559,4.82814,559,4.30016,559,4.01331,559,3.76884
558,23.37755,558,11.86408,558,7.03855,558,4.89102,558,4.33157,558,4.04662,558,3.7847
557,23.62414,557,12.02739,557,7.13681,557,4.93104,557,4.3872,557,4.06365,557,3.83105
556,23.89751,556,12.16614,556,7.20995,556,4.98464,556,4.41404,556,4.12153,556,3.86794
555,24.22161,555,12.33878,555,7.32795,555,5.04584,555,4.45215,555,4.15935,555,3.88892
554,24.436,554,12.52979,554,7.43083,554,5.12139,554,4.50922,554,4.17825,554,3.93767
553,24.75455,553,12.71619,553,7.54368,553,5.18538,553,4.56304,553,4.24128,553,3.98163
552,25.11617,552,12.91418,552,7.63691,552,5.26064,552,4.64462,552,4.29997,552,4.03009
551,25.43225,551,13.10929,551,7.75863,551,5.32005,551,4.67495,551,4.35989,551,4.07785
550,25.67493,550,13.29931,550,7.87272,550,5.39608,550,4.74529,550,4.38007,550,4.10525
549,26.07309,549,13.57221,549,8.03498,549,5.51602,549,4.8375,549,4.48185,549,4.18338
548,26.44657,548,13.79234,548,8.18087,548,5.58579,548,4.91761,548,4.54217,548,4.2377
547,26.8244,547,14.03435,547,8.3313,547,5.6943,547,4.99683,547,4.61975,547,4.30662
546,27.14235,546,14.27071,546,8.4966,546,5.81569,546,5.07919,546,4.66837,546,4.38041
545,27.50577,545,14.53052,545,8.64178,545,5.91115,545,5.15975,545,4.75684,545,4.43095
544,27.85554,544,14.77162,544,8.81053,544,6.0165,544,5.26076,544,4.84335,544,4.49793
543,28.19653,543,15.06918,543,8.9897,543,6.14179,543,5.34694,543,4.93302,543,4.59435
542,28.6596,542,15.35149,542,9.18485,542,6.30955,542,5.4845,542,5.05674,542,4.69937
541,29.03916,541,15.67464,541,9.3739,541,6.43389,541,5.59275,541,5.14159,541,4.76039
540,29.41451,540,15.97983,540,9.59651,540,6.57078,540,5.70409,540,5.26056,540,4.88511
539,29.77644,539,16.2664,539,9.79787,539,6.72533,539,5.85119,539,5.37364,539,4.972
538,30.14511,538,16.57283,538,10.02435,538,6.86665,538,5.98216,538,5.46605,538,5.07053
537,30.45878,537,16.90209,537,10.25247,537,7.02994,537,6.11824,537,5.60395,537,5.18136
536,30.86063,536,17.2041,536,10.47121,536,7.19272,536,6.2479,536,5.7479,536,5.29648
535,31.26457,535,17.53415,535,10.74018,535,7.36492,535,6.41607,535,5.8739,535,5.40745
534,31.59317,534,17.89302,534,10.96982,534,7.55487,534,6.56518,534,6.01153,534,5.54527
533,31.93686,533,18.19693,533,11.20737,533,7.73473,533,6.72216,533,6.14421,533,5.66017
532,32.3261,532,18.51112,532,11.47293,532,7.90938,532,6.88772,532,6.29609,532,5.81844
531,32.56833,531,18.82011,531,11.69196,531,8.08225,531,7.03575,531,6.43237,531,5.91975
530,32.86347,530,19.12435,530,11.93608,530,8.26198,530,7.19418,530,6.57682,530,6.05949
529,33.12078,529,19.43825,529,12.18435,529,8.46625,529,7.38325,529,6.73237,529,6.20815
528,33.38658,528,19.72461,528,12.42911,528,8.63667,528,7.52524,528,6.88405,528,6.34501
527,33.5281,527,19.9857,527,12.6359,527,8.81434,527,7.68503,527,7.02182,527,6.46601
526,33.78444,526,20.22078,526,12.86253,526,8.99656,526,7.84442,526,7.17143,526,6.5913
525,33.88297,525,20.4134,525,13.04749,525,9.1278,525,7.97996,525,7.27775,525,6.71342
524,34.03808,524,20.63006,524,13.23898,524,9.29431,524,8.12805,524,7.42777,524,6.85891
523,34.18366,523,20.79965,523,13.39903,523,9.43275,523,8.25851,523,7.55814,523,6.95501
522,34.22208,522,20.92778,522,13.54726,522,9.55467,522,8.37301,522,7.66172,522,7.05619
521,34.31881,521,21.12243,521,13.70263,521,9.68581,521,8.49722,521,7.77513,521,7.18727
520,34.39573,520,21.23082,520,13.8147,520,9.76924,520,8.59402,520,7.85668,520,7.2545
519,34.46169,519,21.34834,519,13.92638,519,9.8795,519,8.69015,519,7.95374,519,7.35849
518,34.46499,518,21.41242,518,14.03387,518,9.96114,518,8.76384,518,8.03252,518,7.4442
517,34.50446,517,21.45735,517,14.09353,517,10.01292,517,8.84949,517,8.09372,517,7.48918
516,34.54281,516,21.51475,516,14.16795,516,10.09749,516,8.90796,516,8.16045,516,7.56843
515,34.57965,515,21.58527,515,14.20613,515,10.15337,515,8.96677,515,8.2133,515,7.62361
514,34.59698,514,21.64903,514,14.27551,514,10.1794,514,9.01175,514,8.25293,514,7.66607
513,34.67263,513,21.69069,513,14.32349,513,10.24003,513,9.05275,513,8.3127,513,7.70919
512,34.71442,512,21.73161,512,14.34279,512,10.25418,512,9.06951,512,8.32458,512,7.73886
511,34.74939,511,21.78785,511,14.38868,511,10.30018,511,9.10148,511,8.36851,511,7.76901
510,34.91591,510,21.86461,510,14.43765,510,10.34524,510,9.1411,510,8.39823,510,7.80977
509,35.01309,509,21.95211,509,14.49252,509,10.37171,509,9.15848,509,8.41831,509,7.83966
508,35.16962,508,22.04229,508,14.53301,508,10.39262,508,9.19556,508,8.44912,508,7.87048
507,35.35265,507,22.1568,507,14.56417,507,10.42517,507,9.21524,507,8.48046,507,7.87243
506,35.54813,506,22.2571,506,14.65242,506,10.44871,506,9.25065,506,8.49353,506,7.8863
505,35.69671,505,22.3965,505,14.71932,505,10.49814,505,9.27729,505,8.50648,505,7.91117
504,35.92671,504,22.55126,504,14.81414,504,10.54666,504,9.30319,504,8.54794,504,7.96124
503,36.16241,503,22.71218,503,14.92284,503,10.59444,503,9.33925,503,8.58411,503,7.97668
502,36.43263,502,22.9029,502,15.00233,502,10.65944,502,9.37975,502,8.61664,502,7.99685
501,36.65896,501,23.08748,501,15.11213,501,10.73624,501,9.43978,501,8.65959,501,8.03646
500,36.95597,500,23.27288,500,15.18538,500,10.78496,500,9.47391,500,8.67977,500,8.06645
499,37.31024,499,23.53459,499,15.39199,499,10.90453,499,9.54956,499,8.75678,499,8.12959
498,37.64394,498,23.73217,498,15.51599,498,10.97589,498,9.59488,498,8.81822,498,8.16776
497,37.92745,497,24.02469,497,15.67628,497,11.03325,497,9.66446,497,8.88136,497,8.22866
496,38.22904,496,24.25922,496,15.83009,496,11.15165,496,9.73866,496,8.91579,496,8.27607
495,38.66705,495,24.57581,495,16.05377,495,11.28571,495,9.85478,495,9.0364,495,8.35283
494,38.96046,494,24.86766,494,16.1949,494,11.38861,494,9.92319,494,9.05851,494,8.38668
493,39.37266,493,25.17467,493,16.45716,493,11.54624,493,10.04748,493,9.16707,493,8.50017
492,39.70614,492,25.5541,492,16.7049,492,11.67113,492,10.15442,492,9.29016,492,8.55398
491,40.24306,491,25.93672,491,16.91783,491,11.85247,491,10.28187,491,9.41079,491,8.67792
490,40.56663,490,26.27234,490,17.15222,490,11.98556,490,10.41727,490,9.49269,490,8.76836
489,40.94769,489,26.66242,489,17.42583,489,12.15446,489,10.52932,489,9.60121,489,8.86443
488,41.40709,488,27.02443,488,17.67826,488,12.36331,488,10.67344,488,9.6976,488,8.96593
487,41.87009,487,27.44012,487,18.00301,487,12.54805,487,10.84368,487,9.85464,487,9.08233
486,42.3021,486,27.88232,486,18.33397,486,12.76577,486,10.98848,486,10.00621,486,9.21379
485,42.70853,485,28.30878,485,18.67681,485,12.99822,485,11.18291,485,10.17414,485,9.33949
484,43.09213,484,28.73479,484,19.01388,484,13.21884,484,11.36838,484,10.31541,484,9.4901
483,43.65704,483,29.23653,483,19.40137,483,13.49699,483,11.59902,483,10.49005,483,9.66481
482,44.04283,482,29.72386,482,19.80497,482,13.77379,482,11.78866,482,10.68163,482,9.78572
481,44.51348,481,30.23089,481,20.17149,481,14.01338,481,12.00658,481,10.85665,481,9.94946
480,44.94849,480,30.70756,480,20.55849,480,14.29122,480,12.22873,480,11.0679,480,10.11867
479,45.32257,479,31.19084,479,20.98846,479,14.58097,479,12.45852,479,11.25544,479,10.2829
478,45.70903,478,31.70836,478,21.40562,478,14.90247,478,12.72045,478,11.48287,478,10.47852
477,46.11591,477,32.19032,477,21.86454,477,15.22201,477,12.97859,477,11.72214,477,10.69316
476,46.5588,476,32.7004,476,22.3228,476,15.54296,476,13.26614,476,11.95714,476,10.89952
475,46.94728,475,33.22865,475,22.79777,475,15.90693,475,13.55525,475,12.2124,475,11.1148
474,47.3399,474,33.74782,474,23.2859,474,16.2724,474,13.85606,474,12.4703,474,11.34328
473,47.60209,473,34.26087,473,23.75487,473,16.63656,473,14.1598,473,12.73366,473,11.57055
472,48.01196,472,34.75889,472,24.26661,472,17.0199,472,14.48057,472,13.00268,472,11.81106
471,48.35858,471,35.27298,471,24.77178,471,17.41886,471,14.84695,471,13.31469,471,12.07634
470,48.6285,470,35.77233,470,25.27954,470,17.81228,470,15.17849,470,13.6287,470,12.35341
469,48.89782,469,36.22249,469,25.76079,469,18.2292,469,15.53425,469,13.9307,469,12.6123
468,49.18538,468,36.69231,468,26.27593,468,18.66499,468,15.91452,468,14.29062,468,12.92368
467,49.39587,467,37.15016,467,26.77776,467,19.06365,467,16.2746,467,14.59011,467,13.22559
466,49.56869,466,37.58117,466,27.26217,466,19.50088,466,16.65344,466,14.94428,466,13.51961
465,49.76011,465,37.95077,465,27.73796,465,19.9135,465,17.05927,465,15.28218,465,13.8161
464,49.9084,464,38.33685,464,28.23766,464,20.34357,464,17.42031,464,15.64321,464,14.15621
463,50.01278,463,38.65315,463,28.68821,463,20.72246,463,17.8068,463,15.98904,463,14.47571
462,50.08271,462,38.95789,462,29.13085,462,21.14772,462,18.20271,462,16.38105,462,14.80174
461,50.12294,461,39.27629,461,29.56987,461,21.55082,461,18.58917,461,16.73726,461,15.14253
460,50.20248,460,39.61493,460,30.00545,460,21.97013,460,19.01405,460,17.11627,460,15.51746
459,50.31594,459,39.83043,459,30.37896,459,22.37142,459,19.38205,459,17.48168,459,15.87104
458,50.25561,458,40.07149,458,30.70492,458,22.69056,458,19.74016,458,17.81432,458,16.20064
457,50.28037,457,40.23716,457,31.06334,457,23.06326,457,20.14128,457,18.19048,457,16.55121
456,50.24803,456,40.41446,456,31.3679,456,23.42255,456,20.52475,456,18.54445,456,16.91109
455,50.21171,455,40.51625,455,31.64378,455,23.7426,455,20.8668,455,18.90453,455,17.25476
454,50.18582,454,40.6943,454,31.9449,454,24.05871,454,21.1874,454,19.258,454,17.58471
453,50.05255,453,40.74348,453,32.20477,453,24.36309,453,21.52649,453,19.59342,453,17.91805
452,50.01683,452,40.8074,452,32.37359,452,24.60408,452,21.85207,452,19.89579,452,18.24705
451,49.89106,451,40.91125,451,32.57495,451,24.85674,451,22.10602,451,20.18066,451,18.57716
450,49.80514,450,40.95651,450,32.72048,450,25.06818,450,22.4013,450,20.46047,450,18.85206
449,49.70691,449,40.94073,449,32.84355,449,25.27747,449,22.66144,449,20.74195,449,19.15308
448,49.68868,448,41.00944,448,32.99313,448,25.49929,448,22.88453,448,20.99032,448,19.40494
447,49.56501,447,40.99838,447,33.1649,447,25.64351,447,23.11282,447,21.2801,447,19.64343
446,49.58392,446,41.06659,446,33.3012,446,25.83484,446,23.35996,446,21.53658,446,19.94112
445,49.45965,445,41.1147,445,33.41338,445,25.99675,445,23.53829,445,21.73602,445,20.20493
444,49.36803,444,41.09929,444,33.47094,444,26.10267,444,23.70788,444,21.87566,444,20.39493
443,49.4529,443,41.15347,443,33.61108,443,26.28616,443,23.87474,443,22.11351,443,20.61513
442,49.37591,442,41.23824,442,33.70956,442,26.35839,442,24.0503,442,22.28887,442,20.79994
441,49.33253,441,41.25302,441,33.78678,441,26.51835,441,24.18416,441,22.4417,441,20.98034
440,49.45552,440,41.34923,440,33.9474,440,26.68069,440,24.36304,440,22.60827,440,21.21106
439,49.41365,439,41.43694,439,34.03016,439,26.77757,439,24.51618,439,22.75887,439,21.3368
438,49.42341,438,41.46031,438,34.12882,438,26.88503,438,24.63315,438,22.91282,438,21.46439
437,49.54002,437,41.60942,437,34.24642,437,27.03974,437,24.77988,437,23.04923,437,21.63987
436,49.57296,436,41.72185,436,34.41889,436,27.18218,436,24.9391,436,23.17435,436,21.80272
435,49.69048,435,41.8696,435,34.5518,435,27.32818,435,25.07901,435,23.34832,435,21.95876
434,49.786,434,42.02907,434,34.77668,434,27.47842,434,25.26201,434,23.50376,434,22.07468
433,49.80154,433,42.15563,433,34.96431,433,27.65287,433,25.39107,433,23.64289,433,22.17823
432,49.99252,432,42.34537,432,35.18497,432,27.8716,432,25.59349,432,23.83046,432,22.37902
431,50.04354,431,42.56859,431,35.4084,431,28.01888,431,25.73928,431,23.99639,431,22.56339
430,50.15896,430,42.7492,430,35.65788,430,28.20927,430,25.93582,430,24.1843,430,22.73842
429,50.27272,429,42.94559,429,35.84444,429,28.45077,429,26.13911,429,24.31257,429,22.87717
428,50.29681,428,43.13016,428,36.06095,428,28.59623,428,26.32886,428,24.49828,428,23.05501
427,50.36945,427,43.28757,427,36.29524,427,28.83464,427,26.52142,427,24.6831,427,23.19843
426,50.49416,426,43.45757,426,36.55923,426,29.09271,426,26.77189,426,24.87817,426,23.40053
425,50.59179,425,43.65593,425,36.78508,425,29.34188,425,26.99699,425,25.09017,425,23.62275
424,50.68439,424,43.82903,424,37.033,424,29.58983,424,27.21889,424,25.33921,424,23.78068
423,50.78142,423,43.91364,423,37.28911,423,29.79599,423,27.39762,423,25.54368,423,23.9715
422,50.74345,422,44.08504,422,37.50211,422,30.02326,422,27.66549,422,25.77101,422,24.20117
421,50.73339,421,44.23056,421,37.70531,421,30.28645,421,27.95049,421,25.99227,421,24.44388
420,50.70195,420,44.3124,420,37.89077,420,30.48181,420,28.1539,420,26.18008,420,24.59797
419,50.68327,419,44.4454,419,38.07716,419,30.69039,419,28.34407,419,26.39672,419,24.80596
418,50.64087,418,44.52038,418,38.20903,418,30.89248,418,28.56216,418,26.63121,418,25.00743
417,50.57041,417,44.51147,417,38.41727,417,31.11424,417,28.75461,417,26.84257,417,25.23102
416,50.5136,416,44.58674,416,38.5588,416,31.25261,416,28.97296,416,27.06115,416,25.48214
415,50.49004,415,44.57753,415,38.66256,415,31.43607,415,29.16506,415,27.27667,415,25.68118
414,50.45109,414,44.62436,414,38.79507,414,31.63554,414,29.36274,414,27.47232,414,25.89166
413,50.32877,413,44.71665,413,38.91744,413,31.74811,413,29.51125,413,27.67149,413,26.08217
412,50.16023,412,44.65533,412,38.9404,412,31.85555,412,29.70566,412,27.84349,412,26.23252
411,50.03934,411,44.59735,411,39.03071,411,31.97458,411,29.87568,411,27.97044,411,26.39556
410,50.00212,410,44.60499,410,39.13494,410,32.14143,410,30.02289,410,28.14238,410,26.586
409,49.83786,409,44.5433,409,39.17263,409,32.24991,409,30.14576,409,28.25019,409,26.73578
408,49.71854,408,44.41645,408,39.20184,408,32.27149,408,30.20151,408,28.3619,408,26.85259
407,49.58842,407,44.35129,407,39.21039,407,32.36807,407,30.3135,407,28.49197,407,26.99658
406,49.4607,406,44.35774,406,39.23974,406,32.43885,406,30.48162,406,28.65936,406,27.14578
405,49.35812,405,44.37908,405,39.22707,405,32.51965,405,30.58353,405,28.80164,405,27.25272
404,49.17877,404,44.32305,404,39.17824,404,32.55697,404,30.62985,404,28.83886,404,27.35476
403,49.13525,403,44.19261,403,39.20755,403,32.55792,403,30.6898,403,28.89599,403,27.43945
402,49.06141,402,44.11291,402,39.20687,402,32.59467,402,30.76414,402,28.97327,402,27.51605
401,48.95523,401,44.11985,401,39.2013,401,32.66185,401,30.8085,401,28.99223,401,27.59766
400,48.80424,400,44.02418,400,39.22742,400,32.68865,400,30.83749,400,29.06921,400,27.6483
399,48.77108,399,44.04284,399,39.26358,399,32.7593,399,30.89485,399,29.19202,399,27.72429
398,48.71802,398,44.0039,398,39.22093,398,32.75839,398,30.94753,398,29.24521,398,27.78094
397,48.51549,397,43.88205,397,39.18792,397,32.71918,397,31.01546,397,29.29583,397,27.85339
396,48.37891,396,43.8192,396,39.16209,396,32.76078,396,31.01864,396,29.3228,396,27.9414
395,48.30087,395,43.82651,395,39.18122,395,32.86226,395,31.08599,395,29.37107,395,28.01751
394,48.17975,394,43.77828,394,39.22465,394,32.8471,394,31.1448,394,29.42037,394,28.05533
393,48.04018,393,43.6931,393,39.21844,393,32.85224,393,31.19521,393,29.43323,393,28.06854
392,47.94645,392,43.64541,392,39.24321,392,32.92171,392,31.26018,392,29.52618,392,28.13129
391,47.90128,391,43.55431,391,39.20886,391,32.95695,391,31.29128,391,29.59305,391,28.20044
390,47.80748,390,43.44906,390,39.10513,390,32.97319,390,31.32183,390,29.58022,390,28.26496
389,47.71495,389,43.40979,389,39.09395,389,32.98355,389,31.3579,389,29.64237,389,28.29095
388,47.62393,388,43.34525,388,39.10694,388,33.01489,388,31.3558,388,29.72678,388,28.33577
387,47.49403,387,43.30966,387,39.12607,387,33.01139,387,31.37232,387,29.78303,387,28.41134
386,47.42147,386,43.26808,386,39.1398,386,33.01314,386,31.46288,386,29.82995,386,28.47244
385,47.39265,385,43.19082,385,39.07057,385,33.02652,385,31.49017,385,29.86669,385,28.52634
384,47.31866,384,43.13516,384,39.05055,384,33.04781,384,31.51144,384,29.88399,384,28.59523
383,47.22088,383,43.10894,383,39.04352,383,33.08923,383,31.56466,383,29.89583,383,28.66799
382,47.06675,382,43.03903,382,39.08192,382,33.10917,382,31.58201,382,29.93939,382,28.68835
381,46.94953,381,42.94835,381,39.10648,381,33.13214,381,31.59791,381,30.04364,381,28.73624
380,46.8351,380,42.90264,380,39.01442,380,33.14952,380,31.69463,380,30.10352,380,28.78404
379,46.74535,379,42.8398,379,38.97393,379,33.13395,379,31.77917,379,30.14053,379,28.8247
378,46.73934,378,42.84888,378,38.87411,378,33.24741,378,31.85215,378,30.16363,378,28.91006
377,46.58243,377,42.85346,377,38.86967,377,33.37666,377,31.90843,377,30.20333,377,29.00252
376,46.53426,376,42.59138,376,38.89607,376,33.34055,376,31.87859,376,30.32613,376,28.97566
375,46.44976,375,42.50905,375,38.83106,375,33.21987,375,31.85286,375,30.32556,375,29.06991
374,46.27026,374,42.50616,374,38.91208,374,33.18254,374,31.90205,374,30.25859,374,29.12745
373,46.22644,373,42.52073,373,38.88177,373,33.22932,373,31.89015,373,30.26052,373,29.12828
372,45.97475,372,42.53791,372,38.7088,372,33.158,372,31.87456,372,30.31497,372,29.18183
371,45.8835,371,42.44224,371,38.75593,371,33.08177,371,31.90213,371,30.36705,371,29.19602
370,46.04041,370,42.36502,370,38.81477,370,33.17124,370,31.93521,370,30.43025,370,29.26492
369,46.09692,369,42.38843,369,38.80561,369,33.3229,369,31.98812,369,30.48117,369,29.33487
368,45.98623,368,42.33682,368,38.79962,368,33.36473,368,31.95063,368,30.51174,368,29.3162
367,45.89311,367,42.24924,367,38.70245,367,33.24599,367,31.88833,367,30.53209,367,29.25565
366,45.81634,366,42.21637,366,38.65635,366,33.21207,366,31.89466,366,30.50248,366,29.29564
365,45.72772,365,42.18139,365,38.67733,365,33.20191,365,31.94379,365,30.48222,365,29.34395
364,45.73575,364,42.14436,364,38.68503,364,33.15766,364,32.00609,364,30.49559,364,29.30523
363,45.6977,363,42.1361,363,38.70185,363,33.2044,363,31.95989,363,30.52792,363,29.24999
362,45.6893,362,42.15071,362,38.62963,362,33.19633,362,31.87575,362,30.53786,362,29.28707
361,45.61838,361,42.06991,361,38.6045,361,33.20067,361,31.88617,361,30.47479,361,29.34548
360,45.52511,360,41.98844,360,38.59854,360,33.23436,360,31.98866,360,30.48931,360,29.35123
359,45.61321,359,41.97584,359,38.63747,359,33.27441,359,32.0074,359,30.51143,359,29.43969
358,45.57906,358,42.00504,358,38.62416,358,33.20931,358,31.91085,358,30.47449,358,29.39324
357,45.47273,357,42.02993,357,38.62321,357,33.20389,357,31.92465,357,30.47785,357,29.26588
356,45.34058,356,41.98493,356,38.59272,356,33.18634,356,31.97645,356,30.5612,356,29.3356
355,45.30081,355,41.94702,355,38.57292,355,33.20924,355,32.03832,355,30.5781,355,29.34727
354,45.34606,354,41.85267,354,38.53974,354,33.21526,354,31.98198,354,30.47988,354,29.28525
353,45.31274,353,41.86084,353,38.60756,353,33.21465,353,31.93484,353,30.52236,353,29.3544
352,45.18968,352,41.84342,352,38.57913,352,33.30571,352,31.96424,352,30.61474,352,29.42272
351,45.24513,351,41.69894,351,38.6105,351,33.27384,351,31.99752,351,30.49566,351,29.41431
350,45.07854,350,41.66751,350,38.56582,350,33.25918,350,31.98482,350,30.41397,350,29.33333
349,45.10203,349,41.65513,349,38.55471,349,33.3152,349,32.05408,349,30.5498,349,29.35728
348,45.0417,348,41.59145,348,38.49226,348,33.31546,348,32.02628,348,30.62247,348,29.39753
347,44.82033,347,41.5168,347,38.49669,347,33.20349,347,31.99806,347,30.57827,347,29.40638
346,44.92313,346,41.52188,346,38.50776,346,33.21368,346,32.0837,346,30.60137,346,29.40657
345,45.04027,345,41.54426,345,38.49598,345,33.23369,345,32.05332,345,30.68011,345,29.44043
344,44.90392,344,41.45176,344,38.55798,344,33.21587,344,32.07621,344,30.62529,344,29.43282
343,44.85695,343,41.50189,343,38.48239,343,33.20033,343,32.10267,343,30.59808,343,29.47675
342,44.58987,342,41.49334,342,38.41337,342,33.2204,342,32.09174,342,30.66929,342,29.40654
341,44.62905,341,41.55111,341,38.53243,341,33.22915,341,32.07692,341,30.64418,341,29.3957
340,44.80809,340,41.52279,340,38.59212,340,33.36143,340,32.04116,340,30.6927,340,29.42128
339,44.75819,339,41.45143,339,38.46543,339,33.35622,339,32.07024,339,30.65341,339,29.55932
338,44.50133,338,41.39474,338,38.27213,338,33.2394,338,32.01086,338,30.49929,338,29.4746
337,44.6403,337,41.31182,337,38.42973,337,33.20743,337,32.13232,337,30.55747,337,29.3904
336,44.49382,336,41.15677,336,38.45191,336,33.23369,336,32.01703,336,30.67139,336,29.43033
335,44.22585,335,41.08435,335,38.41049,335,33.19744,335,32.10966,335,30.64601,335,29.47505
334,44.2224,334,41.03265,334,38.22283,334,33.29236,334,32.11786,334,30.60761,334,29.39615
333,43.95225,333,40.9456,333,38.16371,333,33.20097,333,31.89001,333,30.52799,333,29.35171
332,43.88682,332,40.88164,332,38.07971,332,33.07656,332,31.76653,332,30.49786,332,29.30494
331,44.06564,331,40.88982,331,37.92108,331,33.09982,331,31.83,331,30.45926,331,29.25389
330,43.8646,330,40.84993,330,37.92608,330,33.12656,330,31.87936,330,30.48236,330,29.27329
329,43.71903,329,40.80191,329,38.04309,329,33.12864,329,31.91499,329,30.41254,329,29.25408
328,43.76367,328,40.62146,328,37.78175,328,32.98509,328,31.7205,328,30.31803,328,29.22985
327,43.52602,327,40.44007,327,37.64797,327,33.01637,327,31.71673,327,30.40325,327,29.15712
326,43.33039,326,40.44998,326,37.8033,326,32.93664,326,31.64616,326,30.37383,326,29.1006
325,43.42539,325,40.2649,325,37.69882,325,32.88893,325,31.71391,325,30.13185,325,29.05549
324,43.32919,324,40.11262,324,37.46556,324,32.75345,324,31.6269,324,29.9859,324,29.0311
323,43.09281,323,40.19516,323,37.42847,323,32.66485,323,31.52101,323,30.07631,323,28.78746
322,43.01477,322,40.35988,322,37.52734,322,32.54447,322,31.50752,322,30.08978,322,28.88234
321,42.90506,321,39.97499,321,37.32212,321,32.4675,321,31.36866,321,29.97823,321,28.7616
320,42.70027,320,39.85178,320,37.24639,320,32.37261,320,31.39186,320,29.87113,320,28.73276
319,42.54486,319,39.82329,319,37.09613,319,32.35549,319,31.21807,319,29.85356,319,28.61649
318,42.81328,318,39.85987,318,37.21477,318,32.53653,318,31.24011,318,29.87829,318,28.73644
317,42.87106,317,39.85574,317,37.23265,317,32.52624,317,31.28364,317,29.92304,317,28.72151
316,42.83339,316,39.75127,316,37.07136,316,32.39984,316,31.29358,316,29.84989,316,28.69795
315,42.87752,315,39.72146,315,37.00439,315,32.25334,315,31.22071,315,29.78388,315,28.64382
314,42.6563,314,39.52582,314,37.03789,314,32.18941,314,31.15403,314,29.61751,314,28.58244
313,42.44198,313,39.42721,313,37.01444,313,32.32375,313,31.13061,313,29.54301,313,28.50703
312,42.67116,312,39.52189,312,36.90176,312,32.20189,312,31.07841,312,29.63196,312,28.44232
311,42.54734,311,39.40991,311,36.76329,311,32.06292,311,30.97158,311,29.61364,311,28.48829
310,42.4753,310,39.35631,310,36.74331,310,32.13874,310,31.00887,310,29.5349,310,28.38839
309,42.42149,309,39.29941,309,36.73483,309,32.09244,309,30.95548,309,29.50457,309,28.36035
308,42.23937,308,39.25205,308,36.66148,308,31.97771,308,30.86464,308,29.41769,308,28.33193
307,42.18249,307,39.07078,307,36.65349,307,31.92145,307,30.8292,307,29.41616,307,28.30031
306,42.01155,306,39.1098,306,36.4791,306,31.89233,306,30.87253,306,29.29172,306,28.18475
305,42.04051,305,39.00797,305,36.3901,305,31.91012,305,30.81716,305,29.2386,305,28.16946
304,41.97313,304,38.85449,304,36.4098,304,31.78709,304,30.66535,304,29.15328,304,28.12595
303,41.88638,303,38.8829,303,36.29851,303,31.6696,303,30.55363,303,29.02674,303,27.96681
302,41.78312,302,38.7786,302,36.15616,302,31.63059,302,30.44853,302,29.01795,302,27.91947
301,41.50817,301,38.61169,301,35.96904,301,31.53308,301,30.39949,301,28.91627,301,27.78964
300,41.58869,300,38.73177,300,36.07756,300,31.48116,300,30.38015,300,28.84632,300,27.84402
299,41.52656,299,38.5948,299,35.95122,299,31.27332,299,30.15897,299,28.76022,299,27.57989
298,41.50585,298,38.48972,298,35.9663,298,31.19165,298,30.23252,298,28.60674,298,27.45655
297,41.66373,297,38.46531,297,35.97596,297,31.22709,297,30.11328,297,28.57387,297,27.48401
296,41.32372,296,38.41254,296,35.82861,296,31.07934,296,30.16181,296,28.54069,296,27.37829
295,41.31952,295,38.27169,295,35.6753,295,31.02917,295,29.9668,295,28.39756,295,27.26154
294,41.39509,294,38.33875,294,35.77208,294,31.08112,294,29.96493,294,28.40516,294,27.38031
293,41.62494,293,38.52936,293,35.91016,293,31.12991,293,30.09388,293,28.50636,293,27.36096
292,41.83873,292,38.64394,292,35.97266,292,31.14185,292,30.07957,292,28.43159,292,27.27046
291,41.68895,291,38.75506,291,36.04573,291,31.22588,291,30.04166,291,28.41551,291,27.29815
290,41.96074,290,38.93323,290,36.1485,290,31.35187,290,30.20642,290,28.52274,290,27.3305
289,42.24372,289,39.09977,289,36.31536,289,31.54085,289,30.42161,289,28.65987,289,27.57279
288,42.5736,288,39.20857,288,36.46161,288,31.63066,288,30.51095,288,28.76687,288,27.69351
287,42.70612,287,39.38262,287,36.69121,287,31.79909,287,30.60912,287,28.97028,287,27.76633
286,42.9873,286,39.74495,286,36.98949,286,32.04324,286,30.98186,286,29.21536,286,28.01806
285,43.39387,285,40.11051,285,37.20987,285,32.35529,285,31.1452,285,29.40649,285,28.18638
284,43.6331,284,40.47393,284,37.71578,284,32.80019,284,31.56321,284,29.62205,284,28.531
283,43.94903,283,40.85951,283,38.25058,283,33.08405,283,31.9253,283,30.04876,283,28.93429
282,44.29707,282,41.265,282,38.62211,282,33.59936,282,32.3746,282,30.53532,282,29.29625
281,44.73538,281,41.75324,281,39.06659,281,34.12947,281,32.78903,281,30.93916,281,29.68087
280,45.14983,280,42.22058,280,39.50987,280,34.56216,280,33.25742,280,31.41944,280,30.18349
279,45.2819,279,42.65576,279,40.07987,279,34.86489,279,33.87452,279,31.91437,279,30.48285
278,45.89499,278,43.23996,278,40.81149,278,35.43726,278,34.39138,278,32.46321,278,31.13057
277,46.21391,277,43.65841,277,41.08308,277,36.11327,277,34.90431,277,32.94431,277,31.6642
276,46.61035,276,44.06324,276,41.76995,276,36.63837,276,35.63074,276,33.56917,276,32.20214
275,46.86219,275,44.39705,275,42.28434,275,37.17644,275,36.11273,275,34.11591,275,32.81432
274,47.20227,274,44.90989,274,42.89878,274,37.74814,274,36.71532,274,34.59873,274,33.46851
273,47.44878,273,45.18643,273,43.24436,273,38.20007,273,37.39765,273,35.22984,273,33.98896
272,47.43617,272,45.48501,272,43.81692,272,38.53652,272,37.9149,272,35.77468,272,34.5668
271,47.95388,271,45.79941,271,44.31041,271,39.1321,271,38.25948,271,36.25038,271,35.05047
270,47.97602,270,45.9412,270,44.31975,270,39.32645,270,38.72755,270,36.77564,270,35.42981
269,47.86008,269,46.26473,269,44.5814,269,39.781,269,39.17838,269,37.2111,269,36.02383
268,47.91381,268,46.40954,268,44.92379,268,40.16383,268,39.66321,268,37.60772,268,36.35474
267,48.07252,267,46.34091,267,45.24169,267,40.38791,267,39.97609,267,37.87203,267,36.60448
266,47.98262,266,46.64466,266,45.15236,266,40.65489,266,40.30811,266,38.31109,266,37.02075
265,48.21225,265,46.75932,265,45.42331,265,40.71004,265,40.65271,265,38.59704,265,37.30061
264,48.16565,264,46.87412,264,45.74309,264,41.22777,264,40.81267,264,38.7588,264,37.6156
263,48.44615,263,46.93725,263,45.8651,263,41.39926,263,41.13157,263,39.04095,263,37.98283
262,48.48449,262,47.13533,262,45.9826,262,41.51006,262,41.3734,262,39.34374,262,38.19297
261,48.51481,261,47.21217,261,46.27818,261,41.89866,261,41.63221,261,39.60028,261,38.51768
260,48.65836,260,47.48854,260,46.54519,260,42.2138,260,42.04903,260,40.04734,260,38.86099
259,48.94329,259,47.64776,259,46.88669,259,42.39464,259,42.45673,259,40.38032,259,39.12857
258,48.80507,258,47.96856,258,47.05284,258,42.98137,258,42.62822,258,40.58909,258,39.46256
257,49.02599,257,48.06382,257,47.34384,257,43.11046,257,43.14871,257,41.05929,257,39.8294
256,49.03529,256,48.35786,256,47.52607,256,43.35095,256,43.59895,256,41.5659,256,40.27077
255,49.11244,255,48.52811,255,47.90238,255,43.89625,255,43.94179,255,41.93534,255,40.63045
254,49.30762,254,48.4134,254,48.08096,254,44.03052,254,44.17465,254,42.27371,254,41.10523
253,49.41883,253,48.54484,253,48.48598,253,44.34525,253,44.63409,253,42.67043,253,41.64822
252,49.50167,252,48.77467,252,48.65086,252,44.56066,252,45.09304,252,42.81655,252,41.86446
251,49.48967,251,49.0123,251,48.71435,251,44.88202,251,45.43037,251,43.37682,251,42.38204
250,49.21202,250,48.92555,250,48.94551,250,45.10906,250,45.57917,250,43.61365,250,42.67363
249,49.23348,249,48.99958,249,49.00858,249,45.16185,249,45.93848,249,43.90283,249,43.12257
248,49.31587,248,48.97877,248,49.12998,248,45.29157,248,46.06798,248,44.16456,248,43.31225
247,49.02636,247,48.8677,247,49.08473,247,45.65194,247,46.45341,247,44.51843,247,43.73776
246,49.20939,246,49.12065,246,49.10113,246,45.76536,246,46.58682,246,44.73963,246,43.8358
245,48.99297,245,48.94566,245,49.13009,245,45.71465,245,46.71205,245,44.87506,245,44.21183
244,49.20429,244,49.1586,244,49.39663,244,46.21086,244,47.33512,244,45.18795,244,44.51336
243,49.42318,243,49.02663,243,49.63621,243,46.22135,243,47.45595,243,45.44177,243,44.73168
242,48.89992,242,48.88785,242,49.31253,242,46.3267,242,47.41219,242,45.43648,242,44.76748
241,49.18958,241,48.89214,241,49.64452,241,46.45249,241,47.75926,241,45.7796,241,45.12851
240,48.87141,240,49.07668,240,49.43159,240,46.27556,240,47.84101,240,45.76216,240,45.36994
239,49.13645,239,48.69885,239,49.59707,239,46.4229,239,47.88872,239,46.03421,239,45.60363
238,48.90547,238,48.83194,238,49.61875,238,46.40152,238,47.75068,238,46.2269,238,45.56485
237,48.78383,237,48.7745,237,49.35703,237,46.66507,237,48.11295,237,46.26191,237,45.78288
236,48.71712,236,48.53166,236,49.31842,236,46.51561,236,48.09562,236,46.29262,236,45.70683
235,48.46679,235,48.69601,235,49.33812,235,46.59537,235,48.10854,235,46.50573,235,46.01121
234,48.31138,234,48.40601,234,49.25986,234,46.26678,234,48.18587,234,46.2019,234,46.1043
233,48.27746,233,48.19678,233,49.13942,233,46.2573,233,48.40228,233,46.46333,233,45.99612
232,48.13443,232,47.98479,232,48.84189,232,46.33712,232,48.19916,232,46.45865,232,46.28784
231,47.85708,231,47.69347,231,48.65466,231,46.07279,231,47.95815,231,46.35304,231,46.10149
230,47.50529,230,47.46951,230,48.51558,230,45.7315,230,47.87966,230,46.33859,230,46.00804
229,47.00762,229,47.3702,229,48.32973,229,45.72302,229,48.1826,229,46.0394,229,46.03343
228,46.51655,228,47.08574,228,47.78002,228,45.67174,228,47.94032,228,45.90607,228,45.91773
227,45.96605,227,46.48201,227,47.38522,227,45.03229,227,47.74108,227,45.70381,227,45.48337
226,45.53156,226,45.95392,226,46.70322,226,44.77737,226,47.46151,226,45.39591,226,45.46415
225,44.7338,225,45.34082,225,46.47709,225,44.33268,225,46.74303,225,45.057,225,45.20082
224,44.00771,224,45.02196,224,45.77131,224,43.92604,224,46.86872,224,44.36489,224,44.69552
223,42.89298,223,44.23006,223,45.18487,223,43.07186,223,46.67423,223,44.01624,223,44.40143
222,42.20733,222,43.31965,222,44.70192,222,42.75621,222,46.04452,222,43.37027,222,43.74396
221,40.85449,221,42.61773,221,43.66642,221,41.83676,221,45.43225,221,42.89953,221,43.24997
220,39.59035,220,41.78937,220,42.98693,220,41.10339,220,44.75287,220,42.42654,220,42.71842
